"partition_description", "runtime (milliseconds)"
,35825
c_acctbal,75423
c_mktsegment,23538
c_nationkey,24478
c_phone,72062
l_commitdate,44263
l_discount,25104
l_quantity,26271
l_receiptdate,44141
l_returnflag,23685
l_shipdate,43911
l_shipinstruct,23541
l_shipmode,24034
n_name,22575
n_nationkey,24621
n_regionkey,23662
o_orderdate,31238
o_orderpriority,25013
o_orderstatus,22651
p_brand,23548
p_container,24669
p_size,24176
p_type,24332
ps_availqty,53877
ps_supplycost,201461
r_name,24572
r_regionkey,23671
s_nationkey,23269
c_acctbal-l_commitdate,90603
c_acctbal-l_discount,73741
c_acctbal-l_quantity,73955
c_acctbal-l_receiptdate,91268
c_acctbal-l_returnflag,70594
c_acctbal-l_shipdate,85628
c_acctbal-l_shipinstruct,71802
c_acctbal-l_shipmode,71537
c_mktsegment-l_commitdate,43493
c_mktsegment-l_discount,25143
c_mktsegment-l_quantity,26397
c_mktsegment-l_receiptdate,44043
c_mktsegment-l_returnflag,22921
c_mktsegment-l_shipdate,41496
c_mktsegment-l_shipinstruct,22968
c_mktsegment-l_shipmode,24267
c_nationkey-l_commitdate,45211
c_nationkey-l_discount,26293
c_nationkey-l_quantity,27001
c_nationkey-l_receiptdate,44326
c_nationkey-l_returnflag,23747
c_nationkey-l_shipdate,41867
c_nationkey-l_shipinstruct,23046
c_nationkey-l_shipmode,25204
c_phone-l_commitdate,90923
c_phone-l_discount,73131
c_phone-l_quantity,74173
c_phone-l_receiptdate,89236
c_phone-l_returnflag,71324
c_phone-l_shipdate,90336
c_phone-l_shipinstruct,71964
c_phone-l_shipmode,72763
c_acctbal-n_name,69715
c_acctbal-n_nationkey,70430
c_acctbal-n_regionkey,69550
c_mktsegment-n_name,24019
c_mktsegment-n_nationkey,24681
c_mktsegment-n_regionkey,23870
c_nationkey-n_name,24275
c_nationkey-n_nationkey,25318
c_nationkey-n_regionkey,23914
c_phone-n_name,71409
c_phone-n_nationkey,69949
c_phone-n_regionkey,69985
c_acctbal-o_orderdate,75509
c_acctbal-o_orderpriority,69881
c_acctbal-o_orderstatus,70143
c_mktsegment-o_orderdate,28956
c_mktsegment-o_orderpriority,22774
c_mktsegment-o_orderstatus,23495
c_nationkey-o_orderdate,31722
c_nationkey-o_orderpriority,24296
c_nationkey-o_orderstatus,24190
c_phone-o_orderdate,76100
c_phone-o_orderpriority,70217
c_phone-o_orderstatus,69525
c_acctbal-p_brand,69023
c_acctbal-p_container,70268
c_acctbal-p_size,70535
c_acctbal-p_type,69370
c_mktsegment-p_brand,22693
c_mktsegment-p_container,23490
c_mktsegment-p_size,22744
c_mktsegment-p_type,23445
c_nationkey-p_brand,24775
c_nationkey-p_container,24041
c_nationkey-p_size,25440
c_nationkey-p_type,24920
c_phone-p_brand,70229
c_phone-p_container,71319
c_phone-p_size,69487
c_phone-p_type,71381
c_acctbal-ps_availqty,101537
c_acctbal-ps_supplycost,244505
c_mktsegment-ps_availqty,53147
c_mktsegment-ps_supplycost,195282
c_nationkey-ps_availqty,52893
c_nationkey-ps_supplycost,197994
c_phone-ps_availqty,102086
c_phone-ps_supplycost,244540
c_acctbal-r_name,71472
c_acctbal-r_regionkey,71278
c_mktsegment-r_name,22856
c_mktsegment-r_regionkey,23444
c_nationkey-r_name,24634
c_nationkey-r_regionkey,24603
c_phone-r_name,71453
c_phone-r_regionkey,71028
c_acctbal-s_nationkey,71151
c_mktsegment-s_nationkey,23190
c_nationkey-s_nationkey,23763
c_phone-s_nationkey,70349
l_commitdate-n_name,46068
l_commitdate-n_nationkey,43806
l_commitdate-n_regionkey,45210
l_discount-n_name,24866
l_discount-n_nationkey,24986
l_discount-n_regionkey,25342
l_quantity-n_name,27465
l_quantity-n_nationkey,29616
l_quantity-n_regionkey,26874
l_receiptdate-n_name,44824
l_receiptdate-n_nationkey,43539
l_receiptdate-n_regionkey,46026
l_returnflag-n_name,22439
l_returnflag-n_nationkey,23837
l_returnflag-n_regionkey,23314
l_shipdate-n_name,42727
l_shipdate-n_nationkey,42620
l_shipdate-n_regionkey,42025
l_shipinstruct-n_name,23850
l_shipinstruct-n_nationkey,23857
l_shipinstruct-n_regionkey,23332
l_shipmode-n_name,24345
l_shipmode-n_nationkey,25834
l_shipmode-n_regionkey,24366
l_commitdate-o_orderdate,54420
l_commitdate-o_orderpriority,44601
l_commitdate-o_orderstatus,46485
l_discount-o_orderdate,31842
l_discount-o_orderpriority,24854
l_discount-o_orderstatus,24718
l_quantity-o_orderdate,34158
l_quantity-o_orderpriority,27318
l_quantity-o_orderstatus,27552
l_receiptdate-o_orderdate,51528
l_receiptdate-o_orderpriority,45384
l_receiptdate-o_orderstatus,42577
l_returnflag-o_orderdate,29550
l_returnflag-o_orderpriority,23093
l_returnflag-o_orderstatus,24003
l_shipdate-o_orderdate,48258
l_shipdate-o_orderpriority,40108
l_shipdate-o_orderstatus,40635
l_shipinstruct-o_orderdate,31431
l_shipinstruct-o_orderpriority,24486
l_shipinstruct-o_orderstatus,23449
l_shipmode-o_orderdate,31654
l_shipmode-o_orderpriority,25441
l_shipmode-o_orderstatus,25210
l_commitdate-p_brand,43791
l_commitdate-p_container,46182
l_commitdate-p_size,44854
l_commitdate-p_type,43510
l_discount-p_brand,24971
l_discount-p_container,26163
l_discount-p_size,25838
l_discount-p_type,25781
l_quantity-p_brand,27567
l_quantity-p_container,28074
l_quantity-p_size,27051
l_quantity-p_type,28052
l_receiptdate-p_brand,43392
l_receiptdate-p_container,46861
l_receiptdate-p_size,43560
l_receiptdate-p_type,45252
l_returnflag-p_brand,23444
l_returnflag-p_container,23378
l_returnflag-p_size,24554
l_returnflag-p_type,25689
l_shipdate-p_brand,41942
l_shipdate-p_container,42337
l_shipdate-p_size,42861
l_shipdate-p_type,42815
l_shipinstruct-p_brand,23910
l_shipinstruct-p_container,23759
l_shipinstruct-p_size,24091
l_shipinstruct-p_type,24664
l_shipmode-p_brand,24336
l_shipmode-p_container,25273
l_shipmode-p_size,26035
l_shipmode-p_type,25773
l_commitdate-ps_availqty,76037
l_commitdate-ps_supplycost,217258
l_discount-ps_availqty,58994
l_discount-ps_supplycost,196876
l_quantity-ps_availqty,57128
l_quantity-ps_supplycost,200261
l_receiptdate-ps_availqty,76053
l_receiptdate-ps_supplycost,216600
l_returnflag-ps_availqty,55166
l_returnflag-ps_supplycost,197737
l_shipdate-ps_availqty,72635
l_shipdate-ps_supplycost,214932
l_shipinstruct-ps_availqty,54601
l_shipinstruct-ps_supplycost,196529
l_shipmode-ps_availqty,56343
l_shipmode-ps_supplycost,196934
l_commitdate-r_name,46696
l_commitdate-r_regionkey,43801
l_discount-r_name,25554
l_discount-r_regionkey,25958
l_quantity-r_name,30294
l_quantity-r_regionkey,27141
l_receiptdate-r_name,44907
l_receiptdate-r_regionkey,44780
l_returnflag-r_name,23495
l_returnflag-r_regionkey,23705
l_shipdate-r_name,41608
l_shipdate-r_regionkey,43624
l_shipinstruct-r_name,23829
l_shipinstruct-r_regionkey,25322
l_shipmode-r_name,24017
l_shipmode-r_regionkey,24518
l_commitdate-s_nationkey,43985
l_discount-s_nationkey,26940
l_quantity-s_nationkey,29152
l_receiptdate-s_nationkey,44081
l_returnflag-s_nationkey,23430
l_shipdate-s_nationkey,42007
l_shipinstruct-s_nationkey,24076
l_shipmode-s_nationkey,24573
n_name-o_orderdate,29866
n_name-o_orderpriority,23319
n_name-o_orderstatus,24273
n_nationkey-o_orderdate,30667
n_nationkey-o_orderpriority,24333
n_nationkey-o_orderstatus,24721
n_regionkey-o_orderdate,30232
n_regionkey-o_orderpriority,24158
n_regionkey-o_orderstatus,24403
n_name-p_brand,24206
n_name-p_container,25014
n_name-p_size,25064
n_name-p_type,24979
n_nationkey-p_brand,24744
n_nationkey-p_container,25154
n_nationkey-p_size,25002
n_nationkey-p_type,23317
n_regionkey-p_brand,22709
n_regionkey-p_container,24265
n_regionkey-p_size,24282
n_regionkey-p_type,24283
n_name-ps_availqty,54090
n_name-ps_supplycost,195739
n_nationkey-ps_availqty,53519
n_nationkey-ps_supplycost,199625
n_regionkey-ps_availqty,53013
n_regionkey-ps_supplycost,193422
n_name-r_name,25887
n_name-r_regionkey,25219
n_nationkey-r_name,24595
n_nationkey-r_regionkey,26750
n_regionkey-r_name,23749
n_regionkey-r_regionkey,23376
n_name-s_nationkey,23011
n_nationkey-s_nationkey,23684
n_regionkey-s_nationkey,23919
o_orderdate-p_brand,31765
o_orderdate-p_container,31719
o_orderdate-p_size,30458
o_orderdate-p_type,30199
o_orderpriority-p_brand,23257
o_orderpriority-p_container,25213
o_orderpriority-p_size,24179
o_orderpriority-p_type,24602
o_orderstatus-p_brand,23943
o_orderstatus-p_container,23167
o_orderstatus-p_size,23302
o_orderstatus-p_type,26016
o_orderdate-ps_availqty,63175
o_orderdate-ps_supplycost,199996
o_orderpriority-ps_availqty,54320
o_orderpriority-ps_supplycost,194546
o_orderstatus-ps_availqty,51895
o_orderstatus-ps_supplycost,196890
o_orderdate-r_name,31408
o_orderdate-r_regionkey,31872
o_orderpriority-r_name,23425
o_orderpriority-r_regionkey,25354
o_orderstatus-r_name,23786
o_orderstatus-r_regionkey,23710
o_orderdate-s_nationkey,29772
o_orderpriority-s_nationkey,23801
o_orderstatus-s_nationkey,24409
p_brand-ps_availqty,54185
p_brand-ps_supplycost,195325
p_container-ps_availqty,53246
p_container-ps_supplycost,194387
p_size-ps_availqty,52747
p_size-ps_supplycost,196371
p_type-ps_availqty,52674
p_type-ps_supplycost,197067
p_brand-r_name,22640
p_brand-r_regionkey,22599
p_container-r_name,25016
p_container-r_regionkey,24774
p_size-r_name,24554
p_size-r_regionkey,24629
p_type-r_name,24366
p_type-r_regionkey,25325
p_brand-s_nationkey,25045
p_container-s_nationkey,26480
p_size-s_nationkey,25789
p_type-s_nationkey,29768
ps_availqty-r_name,53462
ps_availqty-r_regionkey,52694
ps_supplycost-r_name,193914
ps_supplycost-r_regionkey,197408
ps_availqty-s_nationkey,54232
ps_supplycost-s_nationkey,194622
r_name-s_nationkey,24940
r_regionkey-s_nationkey,26907
c_acctbal-l_commitdate-n_name,90348
c_acctbal-l_commitdate-n_nationkey,93964
c_acctbal-l_commitdate-n_regionkey,92058
c_acctbal-l_discount-n_name,73823
c_acctbal-l_discount-n_nationkey,73864
c_acctbal-l_discount-n_regionkey,71718
c_acctbal-l_quantity-n_name,76308
c_acctbal-l_quantity-n_nationkey,75281
c_acctbal-l_quantity-n_regionkey,74195
c_acctbal-l_receiptdate-n_name,91542
c_acctbal-l_receiptdate-n_nationkey,90670
c_acctbal-l_receiptdate-n_regionkey,92598
c_acctbal-l_returnflag-n_name,71535
c_acctbal-l_returnflag-n_nationkey,71872
c_acctbal-l_returnflag-n_regionkey,71397
c_acctbal-l_shipdate-n_name,91138
c_acctbal-l_shipdate-n_nationkey,89628
c_acctbal-l_shipdate-n_regionkey,87262
c_acctbal-l_shipinstruct-n_name,72300
c_acctbal-l_shipinstruct-n_nationkey,70778
c_acctbal-l_shipinstruct-n_regionkey,71748
c_acctbal-l_shipmode-n_name,73371
c_acctbal-l_shipmode-n_nationkey,73963
c_acctbal-l_shipmode-n_regionkey,71677
c_mktsegment-l_commitdate-n_name,44249
c_mktsegment-l_commitdate-n_nationkey,50926
c_mktsegment-l_commitdate-n_regionkey,46801
c_mktsegment-l_discount-n_name,26820
c_mktsegment-l_discount-n_nationkey,26223
c_mktsegment-l_discount-n_regionkey,25665
c_mktsegment-l_quantity-n_name,30067
c_mktsegment-l_quantity-n_nationkey,27725
c_mktsegment-l_quantity-n_regionkey,27758
c_mktsegment-l_receiptdate-n_name,45742
c_mktsegment-l_receiptdate-n_nationkey,46624
c_mktsegment-l_receiptdate-n_regionkey,43344
c_mktsegment-l_returnflag-n_name,23957
c_mktsegment-l_returnflag-n_nationkey,24299
c_mktsegment-l_returnflag-n_regionkey,24031
c_mktsegment-l_shipdate-n_name,41551
c_mktsegment-l_shipdate-n_nationkey,40299
c_mktsegment-l_shipdate-n_regionkey,41771
c_mktsegment-l_shipinstruct-n_name,24489
c_mktsegment-l_shipinstruct-n_nationkey,24434
c_mktsegment-l_shipinstruct-n_regionkey,24767
c_mktsegment-l_shipmode-n_name,24453
c_mktsegment-l_shipmode-n_nationkey,25382
c_mktsegment-l_shipmode-n_regionkey,25311
c_nationkey-l_commitdate-n_name,49586
c_nationkey-l_commitdate-n_nationkey,49852
c_nationkey-l_commitdate-n_regionkey,43715
c_nationkey-l_discount-n_name,25778
c_nationkey-l_discount-n_nationkey,29528
c_nationkey-l_discount-n_regionkey,25716
c_nationkey-l_quantity-n_name,27598
c_nationkey-l_quantity-n_nationkey,30081
c_nationkey-l_quantity-n_regionkey,28425
c_nationkey-l_receiptdate-n_name,47434
c_nationkey-l_receiptdate-n_nationkey,46910
c_nationkey-l_receiptdate-n_regionkey,46778
c_nationkey-l_returnflag-n_name,24318
c_nationkey-l_returnflag-n_nationkey,23862
c_nationkey-l_returnflag-n_regionkey,23913
c_nationkey-l_shipdate-n_name,43484
c_nationkey-l_shipdate-n_nationkey,40907
c_nationkey-l_shipdate-n_regionkey,44944
c_nationkey-l_shipinstruct-n_name,24636
c_nationkey-l_shipinstruct-n_nationkey,24048
c_nationkey-l_shipinstruct-n_regionkey,24803
c_nationkey-l_shipmode-n_name,25708
c_nationkey-l_shipmode-n_nationkey,26557
c_nationkey-l_shipmode-n_regionkey,26526
c_phone-l_commitdate-n_name,95303
c_phone-l_commitdate-n_nationkey,94507
c_phone-l_commitdate-n_regionkey,92915
c_phone-l_discount-n_name,74183
c_phone-l_discount-n_nationkey,73096
c_phone-l_discount-n_regionkey,72643
c_phone-l_quantity-n_name,75393
c_phone-l_quantity-n_nationkey,76683
c_phone-l_quantity-n_regionkey,74390
c_phone-l_receiptdate-n_name,94696
c_phone-l_receiptdate-n_nationkey,92502
c_phone-l_receiptdate-n_regionkey,92587
c_phone-l_returnflag-n_name,73126
c_phone-l_returnflag-n_nationkey,74128
c_phone-l_returnflag-n_regionkey,72725
c_phone-l_shipdate-n_name,89116
c_phone-l_shipdate-n_nationkey,90014
c_phone-l_shipdate-n_regionkey,90373
c_phone-l_shipinstruct-n_name,71952
c_phone-l_shipinstruct-n_nationkey,72370
c_phone-l_shipinstruct-n_regionkey,71722
c_phone-l_shipmode-n_name,71029
c_phone-l_shipmode-n_nationkey,73051
c_phone-l_shipmode-n_regionkey,70211
c_acctbal-l_commitdate-o_orderdate,97592
c_acctbal-l_commitdate-o_orderpriority,92891
c_acctbal-l_commitdate-o_orderstatus,90418
c_acctbal-l_discount-o_orderdate,83655
c_acctbal-l_discount-o_orderpriority,70495
c_acctbal-l_discount-o_orderstatus,75281
c_acctbal-l_quantity-o_orderdate,81461
c_acctbal-l_quantity-o_orderpriority,75057
c_acctbal-l_quantity-o_orderstatus,75347
c_acctbal-l_receiptdate-o_orderdate,101385
c_acctbal-l_receiptdate-o_orderpriority,90483
c_acctbal-l_receiptdate-o_orderstatus,92770
c_acctbal-l_returnflag-o_orderdate,77272
c_acctbal-l_returnflag-o_orderpriority,73104
c_acctbal-l_returnflag-o_orderstatus,72165
c_acctbal-l_shipdate-o_orderdate,92463
c_acctbal-l_shipdate-o_orderpriority,92220
c_acctbal-l_shipdate-o_orderstatus,92342
c_acctbal-l_shipinstruct-o_orderdate,78087
c_acctbal-l_shipinstruct-o_orderpriority,73486
c_acctbal-l_shipinstruct-o_orderstatus,72106
c_acctbal-l_shipmode-o_orderdate,76268
c_acctbal-l_shipmode-o_orderpriority,73024
c_acctbal-l_shipmode-o_orderstatus,72904
c_mktsegment-l_commitdate-o_orderdate,51862
c_mktsegment-l_commitdate-o_orderpriority,46927
c_mktsegment-l_commitdate-o_orderstatus,43080
c_mktsegment-l_discount-o_orderdate,33792
c_mktsegment-l_discount-o_orderpriority,26229
c_mktsegment-l_discount-o_orderstatus,26104
c_mktsegment-l_quantity-o_orderdate,39551
c_mktsegment-l_quantity-o_orderpriority,27793
c_mktsegment-l_quantity-o_orderstatus,27753
c_mktsegment-l_receiptdate-o_orderdate,54407
c_mktsegment-l_receiptdate-o_orderpriority,44045
c_mktsegment-l_receiptdate-o_orderstatus,46184
c_mktsegment-l_returnflag-o_orderdate,32087
c_mktsegment-l_returnflag-o_orderpriority,23148
c_mktsegment-l_returnflag-o_orderstatus,23711
c_mktsegment-l_shipdate-o_orderdate,52602
c_mktsegment-l_shipdate-o_orderpriority,43779
c_mktsegment-l_shipdate-o_orderstatus,41016
c_mktsegment-l_shipinstruct-o_orderdate,31952
c_mktsegment-l_shipinstruct-o_orderpriority,25081
c_mktsegment-l_shipinstruct-o_orderstatus,26716
c_mktsegment-l_shipmode-o_orderdate,32092
c_mktsegment-l_shipmode-o_orderpriority,24210
c_mktsegment-l_shipmode-o_orderstatus,25102
c_nationkey-l_commitdate-o_orderdate,52308
c_nationkey-l_commitdate-o_orderpriority,47152
c_nationkey-l_commitdate-o_orderstatus,47901
c_nationkey-l_discount-o_orderdate,33322
c_nationkey-l_discount-o_orderpriority,27789
c_nationkey-l_discount-o_orderstatus,25541
c_nationkey-l_quantity-o_orderdate,35310
c_nationkey-l_quantity-o_orderpriority,28757
c_nationkey-l_quantity-o_orderstatus,28611
c_nationkey-l_receiptdate-o_orderdate,53733
c_nationkey-l_receiptdate-o_orderpriority,46284
c_nationkey-l_receiptdate-o_orderstatus,44819
c_nationkey-l_returnflag-o_orderdate,32203
c_nationkey-l_returnflag-o_orderpriority,23817
c_nationkey-l_returnflag-o_orderstatus,24831
c_nationkey-l_shipdate-o_orderdate,50441
c_nationkey-l_shipdate-o_orderpriority,45769
c_nationkey-l_shipdate-o_orderstatus,42160
c_nationkey-l_shipinstruct-o_orderdate,31831
c_nationkey-l_shipinstruct-o_orderpriority,24306
c_nationkey-l_shipinstruct-o_orderstatus,25375
c_nationkey-l_shipmode-o_orderdate,32271
c_nationkey-l_shipmode-o_orderpriority,28445
c_nationkey-l_shipmode-o_orderstatus,24861
c_phone-l_commitdate-o_orderdate,96711
c_phone-l_commitdate-o_orderpriority,93920
c_phone-l_commitdate-o_orderstatus,90888
c_phone-l_discount-o_orderdate,78389
c_phone-l_discount-o_orderpriority,74863
c_phone-l_discount-o_orderstatus,72999
c_phone-l_quantity-o_orderdate,83872
c_phone-l_quantity-o_orderpriority,78194
c_phone-l_quantity-o_orderstatus,75025
c_phone-l_receiptdate-o_orderdate,97239
c_phone-l_receiptdate-o_orderpriority,91130
c_phone-l_receiptdate-o_orderstatus,91046
c_phone-l_returnflag-o_orderdate,77600
c_phone-l_returnflag-o_orderpriority,70693
c_phone-l_returnflag-o_orderstatus,71964
c_phone-l_shipdate-o_orderdate,92989
c_phone-l_shipdate-o_orderpriority,88451
c_phone-l_shipdate-o_orderstatus,92261
c_phone-l_shipinstruct-o_orderdate,78545
c_phone-l_shipinstruct-o_orderpriority,72428
c_phone-l_shipinstruct-o_orderstatus,72986
c_phone-l_shipmode-o_orderdate,78294
c_phone-l_shipmode-o_orderpriority,73576
c_phone-l_shipmode-o_orderstatus,74962
c_acctbal-l_commitdate-p_brand,94017
c_acctbal-l_commitdate-p_container,95137
c_acctbal-l_commitdate-p_size,96714
c_acctbal-l_commitdate-p_type,95599
c_acctbal-l_discount-p_brand,71185
c_acctbal-l_discount-p_container,73842
c_acctbal-l_discount-p_size,70999
c_acctbal-l_discount-p_type,71348
c_acctbal-l_quantity-p_brand,73590
c_acctbal-l_quantity-p_container,75912
c_acctbal-l_quantity-p_size,75810
c_acctbal-l_quantity-p_type,77084
c_acctbal-l_receiptdate-p_brand,94386
c_acctbal-l_receiptdate-p_container,96575
c_acctbal-l_receiptdate-p_size,91760
c_acctbal-l_receiptdate-p_type,99832
c_acctbal-l_returnflag-p_brand,71319
c_acctbal-l_returnflag-p_container,71574
c_acctbal-l_returnflag-p_size,73147
c_acctbal-l_returnflag-p_type,72654
c_acctbal-l_shipdate-p_brand,88924
c_acctbal-l_shipdate-p_container,93866
c_acctbal-l_shipdate-p_size,91575
c_acctbal-l_shipdate-p_type,93119
c_acctbal-l_shipinstruct-p_brand,74926
c_acctbal-l_shipinstruct-p_container,74087
c_acctbal-l_shipinstruct-p_size,78157
c_acctbal-l_shipinstruct-p_type,70197
c_acctbal-l_shipmode-p_brand,73261
c_acctbal-l_shipmode-p_container,73175
c_acctbal-l_shipmode-p_size,70180
c_acctbal-l_shipmode-p_type,74067
c_mktsegment-l_commitdate-p_brand,44536
c_mktsegment-l_commitdate-p_container,49545
c_mktsegment-l_commitdate-p_size,43644
c_mktsegment-l_commitdate-p_type,49765
c_mktsegment-l_discount-p_brand,25131
c_mktsegment-l_discount-p_container,27012
c_mktsegment-l_discount-p_size,26664
c_mktsegment-l_discount-p_type,26545
c_mktsegment-l_quantity-p_brand,28626
c_mktsegment-l_quantity-p_container,28999
c_mktsegment-l_quantity-p_size,29652
c_mktsegment-l_quantity-p_type,29813
c_mktsegment-l_receiptdate-p_brand,48375
c_mktsegment-l_receiptdate-p_container,50493
c_mktsegment-l_receiptdate-p_size,44533
c_mktsegment-l_receiptdate-p_type,46907
c_mktsegment-l_returnflag-p_brand,23288
c_mktsegment-l_returnflag-p_container,24384
c_mktsegment-l_returnflag-p_size,24645
c_mktsegment-l_returnflag-p_type,24838
c_mktsegment-l_shipdate-p_brand,44910
c_mktsegment-l_shipdate-p_container,40945
c_mktsegment-l_shipdate-p_size,48304
c_mktsegment-l_shipdate-p_type,41968
c_mktsegment-l_shipinstruct-p_brand,24813
c_mktsegment-l_shipinstruct-p_container,25202
c_mktsegment-l_shipinstruct-p_size,25821
c_mktsegment-l_shipinstruct-p_type,25009
c_mktsegment-l_shipmode-p_brand,28945
c_mktsegment-l_shipmode-p_container,25447
c_mktsegment-l_shipmode-p_size,25417
c_mktsegment-l_shipmode-p_type,25860
c_nationkey-l_commitdate-p_brand,49907
c_nationkey-l_commitdate-p_container,44552
c_nationkey-l_commitdate-p_size,49501
c_nationkey-l_commitdate-p_type,46063
c_nationkey-l_discount-p_brand,26037
c_nationkey-l_discount-p_container,27436
c_nationkey-l_discount-p_size,27300
c_nationkey-l_discount-p_type,27496
c_nationkey-l_quantity-p_brand,32200
c_nationkey-l_quantity-p_container,28118
c_nationkey-l_quantity-p_size,28192
c_nationkey-l_quantity-p_type,29344
c_nationkey-l_receiptdate-p_brand,48444
c_nationkey-l_receiptdate-p_container,50126
c_nationkey-l_receiptdate-p_size,50426
c_nationkey-l_receiptdate-p_type,46346
c_nationkey-l_returnflag-p_brand,25266
c_nationkey-l_returnflag-p_container,25707
c_nationkey-l_returnflag-p_size,25126
c_nationkey-l_returnflag-p_type,26589
c_nationkey-l_shipdate-p_brand,45679
c_nationkey-l_shipdate-p_container,45452
c_nationkey-l_shipdate-p_size,40936
c_nationkey-l_shipdate-p_type,47577
c_nationkey-l_shipinstruct-p_brand,25201
c_nationkey-l_shipinstruct-p_container,24708
c_nationkey-l_shipinstruct-p_size,25124
c_nationkey-l_shipinstruct-p_type,25812
c_nationkey-l_shipmode-p_brand,26446
c_nationkey-l_shipmode-p_container,27036
c_nationkey-l_shipmode-p_size,27215
c_nationkey-l_shipmode-p_type,26297
c_phone-l_commitdate-p_brand,94893
c_phone-l_commitdate-p_container,95626
c_phone-l_commitdate-p_size,97273
c_phone-l_commitdate-p_type,96431
c_phone-l_discount-p_brand,76625
c_phone-l_discount-p_container,73902
c_phone-l_discount-p_size,76656
c_phone-l_discount-p_type,70387
c_phone-l_quantity-p_brand,74650
c_phone-l_quantity-p_container,76275
c_phone-l_quantity-p_size,79399
c_phone-l_quantity-p_type,73092
c_phone-l_receiptdate-p_brand,91994
c_phone-l_receiptdate-p_container,93031
c_phone-l_receiptdate-p_size,94682
c_phone-l_receiptdate-p_type,96332
c_phone-l_returnflag-p_brand,72673
c_phone-l_returnflag-p_container,73942
c_phone-l_returnflag-p_size,72191
c_phone-l_returnflag-p_type,72209
c_phone-l_shipdate-p_brand,87505
c_phone-l_shipdate-p_container,92265
c_phone-l_shipdate-p_size,88736
c_phone-l_shipdate-p_type,88971
c_phone-l_shipinstruct-p_brand,75204
c_phone-l_shipinstruct-p_container,77690
c_phone-l_shipinstruct-p_size,74159
c_phone-l_shipinstruct-p_type,73078
c_phone-l_shipmode-p_brand,74285
c_phone-l_shipmode-p_container,73069
c_phone-l_shipmode-p_size,72787
c_phone-l_shipmode-p_type,69925
c_acctbal-l_commitdate-ps_availqty,120491
c_acctbal-l_commitdate-ps_supplycost,264531
c_acctbal-l_discount-ps_availqty,104156
c_acctbal-l_discount-ps_supplycost,241706
c_acctbal-l_quantity-ps_availqty,105777
c_acctbal-l_quantity-ps_supplycost,242273
c_acctbal-l_receiptdate-ps_availqty,121687
c_acctbal-l_receiptdate-ps_supplycost,261828
c_acctbal-l_returnflag-ps_availqty,101326
c_acctbal-l_returnflag-ps_supplycost,237978
c_acctbal-l_shipdate-ps_availqty,118772
c_acctbal-l_shipdate-ps_supplycost,259544
c_acctbal-l_shipinstruct-ps_availqty,102356
c_acctbal-l_shipinstruct-ps_supplycost,240200
c_acctbal-l_shipmode-ps_availqty,102562
c_acctbal-l_shipmode-ps_supplycost,240747
c_mktsegment-l_commitdate-ps_availqty,77788
c_mktsegment-l_commitdate-ps_supplycost,215750
c_mktsegment-l_discount-ps_availqty,54732
c_mktsegment-l_discount-ps_supplycost,191601
c_mktsegment-l_quantity-ps_availqty,57433
c_mktsegment-l_quantity-ps_supplycost,194243
c_mktsegment-l_receiptdate-ps_availqty,78174
c_mktsegment-l_receiptdate-ps_supplycost,214040
c_mktsegment-l_returnflag-ps_availqty,53200
c_mktsegment-l_returnflag-ps_supplycost,192615
c_mktsegment-l_shipdate-ps_availqty,74459
c_mktsegment-l_shipdate-ps_supplycost,211690
c_mktsegment-l_shipinstruct-ps_availqty,53994
c_mktsegment-l_shipinstruct-ps_supplycost,190928
c_mktsegment-l_shipmode-ps_availqty,58213
c_mktsegment-l_shipmode-ps_supplycost,190146
c_nationkey-l_commitdate-ps_availqty,79931
c_nationkey-l_commitdate-ps_supplycost,218441
c_nationkey-l_discount-ps_availqty,61171
c_nationkey-l_discount-ps_supplycost,196764
c_nationkey-l_quantity-ps_availqty,64576
c_nationkey-l_quantity-ps_supplycost,195142
c_nationkey-l_receiptdate-ps_availqty,75981
c_nationkey-l_receiptdate-ps_supplycost,218106
c_nationkey-l_returnflag-ps_availqty,59921
c_nationkey-l_returnflag-ps_supplycost,197060
c_nationkey-l_shipdate-ps_availqty,71286
c_nationkey-l_shipdate-ps_supplycost,212525
c_nationkey-l_shipinstruct-ps_availqty,61649
c_nationkey-l_shipinstruct-ps_supplycost,203378
c_nationkey-l_shipmode-ps_availqty,63433
c_nationkey-l_shipmode-ps_supplycost,200517
c_phone-l_commitdate-ps_availqty,127811
c_phone-l_commitdate-ps_supplycost,263802
c_phone-l_discount-ps_availqty,108627
c_phone-l_discount-ps_supplycost,247645
c_phone-l_quantity-ps_availqty,109756
c_phone-l_quantity-ps_supplycost,247189
c_phone-l_receiptdate-ps_availqty,122138
c_phone-l_receiptdate-ps_supplycost,266452
c_phone-l_returnflag-ps_availqty,107085
c_phone-l_returnflag-ps_supplycost,245344
c_phone-l_shipdate-ps_availqty,126197
c_phone-l_shipdate-ps_supplycost,259142
c_phone-l_shipinstruct-ps_availqty,113370
c_phone-l_shipinstruct-ps_supplycost,249099
c_phone-l_shipmode-ps_availqty,113670
c_phone-l_shipmode-ps_supplycost,243733
c_acctbal-l_commitdate-r_name,116318
c_acctbal-l_commitdate-r_regionkey,95389
c_acctbal-l_discount-r_name,82022
c_acctbal-l_discount-r_regionkey,80122
c_acctbal-l_quantity-r_name,76602
c_acctbal-l_quantity-r_regionkey,79874
c_acctbal-l_receiptdate-r_name,103477
c_acctbal-l_receiptdate-r_regionkey,94664
c_acctbal-l_returnflag-r_name,76496
c_acctbal-l_returnflag-r_regionkey,77332
c_acctbal-l_shipdate-r_name,91381
c_acctbal-l_shipdate-r_regionkey,89607
c_acctbal-l_shipinstruct-r_name,84099
c_acctbal-l_shipinstruct-r_regionkey,84664
c_acctbal-l_shipmode-r_name,78238
c_acctbal-l_shipmode-r_regionkey,79276
c_mktsegment-l_commitdate-r_name,44472
c_mktsegment-l_commitdate-r_regionkey,50993
c_mktsegment-l_discount-r_name,30701
c_mktsegment-l_discount-r_regionkey,31083
c_mktsegment-l_quantity-r_name,27129
c_mktsegment-l_quantity-r_regionkey,28435
c_mktsegment-l_receiptdate-r_name,44898
c_mktsegment-l_receiptdate-r_regionkey,48321
c_mktsegment-l_returnflag-r_name,28556
c_mktsegment-l_returnflag-r_regionkey,29559
c_mktsegment-l_shipdate-r_name,44992
c_mktsegment-l_shipdate-r_regionkey,47059
c_mktsegment-l_shipinstruct-r_name,32639
c_mktsegment-l_shipinstruct-r_regionkey,30001
c_mktsegment-l_shipmode-r_name,28249
c_mktsegment-l_shipmode-r_regionkey,28376
c_nationkey-l_commitdate-r_name,49484
c_nationkey-l_commitdate-r_regionkey,47010
c_nationkey-l_discount-r_name,30962
c_nationkey-l_discount-r_regionkey,31559
c_nationkey-l_quantity-r_name,27779
c_nationkey-l_quantity-r_regionkey,31968
c_nationkey-l_receiptdate-r_name,52554
c_nationkey-l_receiptdate-r_regionkey,49144
c_nationkey-l_returnflag-r_name,29501
c_nationkey-l_returnflag-r_regionkey,29723
c_nationkey-l_shipdate-r_name,48189
c_nationkey-l_shipdate-r_regionkey,42089
c_nationkey-l_shipinstruct-r_name,30788
c_nationkey-l_shipinstruct-r_regionkey,30403
c_nationkey-l_shipmode-r_name,35900
c_nationkey-l_shipmode-r_regionkey,33619
c_phone-l_commitdate-r_name,98318
c_phone-l_commitdate-r_regionkey,98807
c_phone-l_discount-r_name,80002
c_phone-l_discount-r_regionkey,80367
c_phone-l_quantity-r_name,80750
c_phone-l_quantity-r_regionkey,81392
c_phone-l_receiptdate-r_name,91803
c_phone-l_receiptdate-r_regionkey,97012
c_phone-l_returnflag-r_name,78833
c_phone-l_returnflag-r_regionkey,78319
c_phone-l_shipdate-r_name,97188
c_phone-l_shipdate-r_regionkey,88860
c_phone-l_shipinstruct-r_name,82472
c_phone-l_shipinstruct-r_regionkey,82291
c_phone-l_shipmode-r_name,81026
c_phone-l_shipmode-r_regionkey,81406
c_acctbal-l_commitdate-s_nationkey,96514
c_acctbal-l_discount-s_nationkey,79411
c_acctbal-l_quantity-s_nationkey,80069
c_acctbal-l_receiptdate-s_nationkey,97244
c_acctbal-l_returnflag-s_nationkey,74449
c_acctbal-l_shipdate-s_nationkey,90755
c_acctbal-l_shipinstruct-s_nationkey,89257
c_acctbal-l_shipmode-s_nationkey,80569
c_mktsegment-l_commitdate-s_nationkey,46603
c_mktsegment-l_discount-s_nationkey,30524
c_mktsegment-l_quantity-s_nationkey,30723
c_mktsegment-l_receiptdate-s_nationkey,54898
c_mktsegment-l_returnflag-s_nationkey,30085
c_mktsegment-l_shipdate-s_nationkey,40629
c_mktsegment-l_shipinstruct-s_nationkey,29537
c_mktsegment-l_shipmode-s_nationkey,34240
c_nationkey-l_commitdate-s_nationkey,51480
c_nationkey-l_discount-s_nationkey,29764
c_nationkey-l_quantity-s_nationkey,29701
c_nationkey-l_receiptdate-s_nationkey,44430
c_nationkey-l_returnflag-s_nationkey,30225
c_nationkey-l_shipdate-s_nationkey,49104
c_nationkey-l_shipinstruct-s_nationkey,29660
c_nationkey-l_shipmode-s_nationkey,33890
c_phone-l_commitdate-s_nationkey,94582
c_phone-l_discount-s_nationkey,75763
c_phone-l_quantity-s_nationkey,78466
c_phone-l_receiptdate-s_nationkey,97298
c_phone-l_returnflag-s_nationkey,79785
c_phone-l_shipdate-s_nationkey,98137
c_phone-l_shipinstruct-s_nationkey,83911
c_phone-l_shipmode-s_nationkey,82121
c_acctbal-n_name-o_orderdate,82562
c_acctbal-n_name-o_orderpriority,80354
c_acctbal-n_name-o_orderstatus,83521
c_acctbal-n_nationkey-o_orderdate,86641
c_acctbal-n_nationkey-o_orderpriority,80953
c_acctbal-n_nationkey-o_orderstatus,79648
c_acctbal-n_regionkey-o_orderdate,87321
c_acctbal-n_regionkey-o_orderpriority,80418
c_acctbal-n_regionkey-o_orderstatus,83913
c_mktsegment-n_name-o_orderdate,38993
c_mktsegment-n_name-o_orderpriority,31243
c_mktsegment-n_name-o_orderstatus,32941
c_mktsegment-n_nationkey-o_orderdate,39263
c_mktsegment-n_nationkey-o_orderpriority,32797
c_mktsegment-n_nationkey-o_orderstatus,33949
c_mktsegment-n_regionkey-o_orderdate,41361
c_mktsegment-n_regionkey-o_orderpriority,33353
c_mktsegment-n_regionkey-o_orderstatus,33135
c_nationkey-n_name-o_orderdate,49259
c_nationkey-n_name-o_orderpriority,31934
c_nationkey-n_name-o_orderstatus,33319
c_nationkey-n_nationkey-o_orderdate,39209
c_nationkey-n_nationkey-o_orderpriority,32850
c_nationkey-n_nationkey-o_orderstatus,34263
c_nationkey-n_regionkey-o_orderdate,41052
c_nationkey-n_regionkey-o_orderpriority,38883
c_nationkey-n_regionkey-o_orderstatus,32522
c_phone-n_name-o_orderdate,85637
c_phone-n_name-o_orderpriority,81426
c_phone-n_name-o_orderstatus,81440
c_phone-n_nationkey-o_orderdate,86333
c_phone-n_nationkey-o_orderpriority,79979
c_phone-n_nationkey-o_orderstatus,81049
c_phone-n_regionkey-o_orderdate,86672
c_phone-n_regionkey-o_orderpriority,81719
c_phone-n_regionkey-o_orderstatus,81895
c_acctbal-n_name-p_brand,82242
c_acctbal-n_name-p_container,81098
c_acctbal-n_name-p_size,79260
c_acctbal-n_name-p_type,81397
c_acctbal-n_nationkey-p_brand,81565
c_acctbal-n_nationkey-p_container,80814
c_acctbal-n_nationkey-p_size,83152
c_acctbal-n_nationkey-p_type,86065
c_acctbal-n_regionkey-p_brand,80860
c_acctbal-n_regionkey-p_container,83363
c_acctbal-n_regionkey-p_size,79677
c_acctbal-n_regionkey-p_type,82089
c_mktsegment-n_name-p_brand,33011
c_mktsegment-n_name-p_container,31493
c_mktsegment-n_name-p_size,32857
c_mktsegment-n_name-p_type,34018
c_mktsegment-n_nationkey-p_brand,32904
c_mktsegment-n_nationkey-p_container,33361
c_mktsegment-n_nationkey-p_size,33565
c_mktsegment-n_nationkey-p_type,35153
c_mktsegment-n_regionkey-p_brand,34105
c_mktsegment-n_regionkey-p_container,35431
c_mktsegment-n_regionkey-p_size,35287
c_mktsegment-n_regionkey-p_type,39128
c_nationkey-n_name-p_brand,31832
c_nationkey-n_name-p_container,32794
c_nationkey-n_name-p_size,33862
c_nationkey-n_name-p_type,32903
c_nationkey-n_nationkey-p_brand,34162
c_nationkey-n_nationkey-p_container,34718
c_nationkey-n_nationkey-p_size,33142
c_nationkey-n_nationkey-p_type,40629
c_nationkey-n_regionkey-p_brand,32178
c_nationkey-n_regionkey-p_container,32605
c_nationkey-n_regionkey-p_size,33025
c_nationkey-n_regionkey-p_type,34152
c_phone-n_name-p_brand,82006
c_phone-n_name-p_container,90146
c_phone-n_name-p_size,77248
c_phone-n_name-p_type,84946
c_phone-n_nationkey-p_brand,84117
c_phone-n_nationkey-p_container,81876
c_phone-n_nationkey-p_size,85799
c_phone-n_nationkey-p_type,81415
c_phone-n_regionkey-p_brand,82652
c_phone-n_regionkey-p_container,82179
c_phone-n_regionkey-p_size,80234
c_phone-n_regionkey-p_type,83344
c_acctbal-n_name-ps_availqty,117569
c_acctbal-n_name-ps_supplycost,315224
c_acctbal-n_nationkey-ps_availqty,111281
c_acctbal-n_nationkey-ps_supplycost,247675
c_acctbal-n_regionkey-ps_availqty,110309
c_acctbal-n_regionkey-ps_supplycost,247712
c_mktsegment-n_name-ps_availqty,63567
c_mktsegment-n_name-ps_supplycost,204159
c_mktsegment-n_nationkey-ps_availqty,61757
c_mktsegment-n_nationkey-ps_supplycost,197353
c_mktsegment-n_regionkey-ps_availqty,61638
c_mktsegment-n_regionkey-ps_supplycost,199960
c_nationkey-n_name-ps_availqty,67162
c_nationkey-n_name-ps_supplycost,201033
c_nationkey-n_nationkey-ps_availqty,63404
c_nationkey-n_nationkey-ps_supplycost,197952
c_nationkey-n_regionkey-ps_availqty,62057
c_nationkey-n_regionkey-ps_supplycost,201023
c_phone-n_name-ps_availqty,119677
c_phone-n_name-ps_supplycost,248730
c_phone-n_nationkey-ps_availqty,114953
c_phone-n_nationkey-ps_supplycost,246658
c_phone-n_regionkey-ps_availqty,117135
c_phone-n_regionkey-ps_supplycost,253125
c_acctbal-n_name-r_name,90272
c_acctbal-n_name-r_regionkey,85469
c_acctbal-n_nationkey-r_name,84718
c_acctbal-n_nationkey-r_regionkey,82199
c_acctbal-n_regionkey-r_name,83198
c_acctbal-n_regionkey-r_regionkey,84925
c_mktsegment-n_name-r_name,32794
c_mktsegment-n_name-r_regionkey,32790
c_mktsegment-n_nationkey-r_name,32558
c_mktsegment-n_nationkey-r_regionkey,32147
c_mktsegment-n_regionkey-r_name,32328
c_mktsegment-n_regionkey-r_regionkey,33302
c_nationkey-n_name-r_name,33875
c_nationkey-n_name-r_regionkey,33665
c_nationkey-n_nationkey-r_name,33928
c_nationkey-n_nationkey-r_regionkey,34018
c_nationkey-n_regionkey-r_name,33827
c_nationkey-n_regionkey-r_regionkey,34190
c_phone-n_name-r_name,85575
c_phone-n_name-r_regionkey,81472
c_phone-n_nationkey-r_name,82330
c_phone-n_nationkey-r_regionkey,82605
c_phone-n_regionkey-r_name,82609
c_phone-n_regionkey-r_regionkey,81966
c_acctbal-n_name-s_nationkey,82426
c_acctbal-n_nationkey-s_nationkey,83079
c_acctbal-n_regionkey-s_nationkey,81530
c_mktsegment-n_name-s_nationkey,32601
c_mktsegment-n_nationkey-s_nationkey,32839
c_mktsegment-n_regionkey-s_nationkey,32713
c_nationkey-n_name-s_nationkey,33170
c_nationkey-n_nationkey-s_nationkey,33896
c_nationkey-n_regionkey-s_nationkey,34254
c_phone-n_name-s_nationkey,94073
c_phone-n_nationkey-s_nationkey,82780
c_phone-n_regionkey-s_nationkey,77281
c_acctbal-o_orderdate-p_brand,87686
c_acctbal-o_orderdate-p_container,86647
c_acctbal-o_orderdate-p_size,87519
c_acctbal-o_orderdate-p_type,89092
c_acctbal-o_orderpriority-p_brand,85625
c_acctbal-o_orderpriority-p_container,81742
c_acctbal-o_orderpriority-p_size,81900
c_acctbal-o_orderpriority-p_type,82104
c_acctbal-o_orderstatus-p_brand,82222
c_acctbal-o_orderstatus-p_container,80697
c_acctbal-o_orderstatus-p_size,82425
c_acctbal-o_orderstatus-p_type,82138
c_mktsegment-o_orderdate-p_brand,38652
c_mktsegment-o_orderdate-p_container,44523
c_mktsegment-o_orderdate-p_size,39439
c_mktsegment-o_orderdate-p_type,39256
c_mktsegment-o_orderpriority-p_brand,33400
c_mktsegment-o_orderpriority-p_container,31978
c_mktsegment-o_orderpriority-p_size,33655
c_mktsegment-o_orderpriority-p_type,32911
c_mktsegment-o_orderstatus-p_brand,33204
c_mktsegment-o_orderstatus-p_container,38335
c_mktsegment-o_orderstatus-p_size,32143
c_mktsegment-o_orderstatus-p_type,32438
c_nationkey-o_orderdate-p_brand,39796
c_nationkey-o_orderdate-p_container,40860
c_nationkey-o_orderdate-p_size,44971
c_nationkey-o_orderdate-p_type,39559
c_nationkey-o_orderpriority-p_brand,32334
c_nationkey-o_orderpriority-p_container,33676
c_nationkey-o_orderpriority-p_size,33016
c_nationkey-o_orderpriority-p_type,34390
c_nationkey-o_orderstatus-p_brand,32826
c_nationkey-o_orderstatus-p_container,34152
c_nationkey-o_orderstatus-p_size,34888
c_nationkey-o_orderstatus-p_type,34851
c_phone-o_orderdate-p_brand,88371
c_phone-o_orderdate-p_container,88507
c_phone-o_orderdate-p_size,85761
c_phone-o_orderdate-p_type,87116
c_phone-o_orderpriority-p_brand,83471
c_phone-o_orderpriority-p_container,80699
c_phone-o_orderpriority-p_size,83172
c_phone-o_orderpriority-p_type,76624
c_phone-o_orderstatus-p_brand,81389
c_phone-o_orderstatus-p_container,76324
c_phone-o_orderstatus-p_size,80017
c_phone-o_orderstatus-p_type,82204
c_acctbal-o_orderdate-ps_availqty,115703
c_acctbal-o_orderdate-ps_supplycost,266855
c_acctbal-o_orderpriority-ps_availqty,108981
c_acctbal-o_orderpriority-ps_supplycost,248709
c_acctbal-o_orderstatus-ps_availqty,122464
c_acctbal-o_orderstatus-ps_supplycost,247033
c_mktsegment-o_orderdate-ps_availqty,67613
c_mktsegment-o_orderdate-ps_supplycost,208673
c_mktsegment-o_orderpriority-ps_availqty,62213
c_mktsegment-o_orderpriority-ps_supplycost,199115
c_mktsegment-o_orderstatus-ps_availqty,67079
c_mktsegment-o_orderstatus-ps_supplycost,199094
c_nationkey-o_orderdate-ps_availqty,75048
c_nationkey-o_orderdate-ps_supplycost,207239
c_nationkey-o_orderpriority-ps_availqty,63330
c_nationkey-o_orderpriority-ps_supplycost,202830
c_nationkey-o_orderstatus-ps_availqty,62640
c_nationkey-o_orderstatus-ps_supplycost,200267
c_phone-o_orderdate-ps_availqty,124844
c_phone-o_orderdate-ps_supplycost,255465
c_phone-o_orderpriority-ps_availqty,118206
c_phone-o_orderpriority-ps_supplycost,247918
c_phone-o_orderstatus-ps_availqty,112285
c_phone-o_orderstatus-ps_supplycost,254034
c_acctbal-o_orderdate-r_name,92609
c_acctbal-o_orderdate-r_regionkey,89464
c_acctbal-o_orderpriority-r_name,82013
c_acctbal-o_orderpriority-r_regionkey,81580
c_acctbal-o_orderstatus-r_name,82572
c_acctbal-o_orderstatus-r_regionkey,82141
c_mktsegment-o_orderdate-r_name,38616
c_mktsegment-o_orderdate-r_regionkey,38976
c_mktsegment-o_orderpriority-r_name,31781
c_mktsegment-o_orderpriority-r_regionkey,33593
c_mktsegment-o_orderstatus-r_name,33060
c_mktsegment-o_orderstatus-r_regionkey,32926
c_nationkey-o_orderdate-r_name,40860
c_nationkey-o_orderdate-r_regionkey,41014
c_nationkey-o_orderpriority-r_name,35363
c_nationkey-o_orderpriority-r_regionkey,34699
c_nationkey-o_orderstatus-r_name,36282
c_nationkey-o_orderstatus-r_regionkey,35380
c_phone-o_orderdate-r_name,101839
c_phone-o_orderdate-r_regionkey,89325
c_phone-o_orderpriority-r_name,82233
c_phone-o_orderpriority-r_regionkey,83074
c_phone-o_orderstatus-r_name,81482
c_phone-o_orderstatus-r_regionkey,83998
c_acctbal-o_orderdate-s_nationkey,87265
c_acctbal-o_orderpriority-s_nationkey,82927
c_acctbal-o_orderstatus-s_nationkey,81940
c_mktsegment-o_orderdate-s_nationkey,40567
c_mktsegment-o_orderpriority-s_nationkey,31999
c_mktsegment-o_orderstatus-s_nationkey,33412
c_nationkey-o_orderdate-s_nationkey,40974
c_nationkey-o_orderpriority-s_nationkey,40235
c_nationkey-o_orderstatus-s_nationkey,32698
c_phone-o_orderdate-s_nationkey,88750
c_phone-o_orderpriority-s_nationkey,83239
c_phone-o_orderstatus-s_nationkey,82013
c_acctbal-p_brand-ps_availqty,112073
c_acctbal-p_brand-ps_supplycost,274625
c_acctbal-p_container-ps_availqty,113443
c_acctbal-p_container-ps_supplycost,250778
c_acctbal-p_size-ps_availqty,111031
c_acctbal-p_size-ps_supplycost,248631
c_acctbal-p_type-ps_availqty,114739
c_acctbal-p_type-ps_supplycost,248578
c_mktsegment-p_brand-ps_availqty,61893
c_mktsegment-p_brand-ps_supplycost,205387
c_mktsegment-p_container-ps_availqty,64176
c_mktsegment-p_container-ps_supplycost,197746
c_mktsegment-p_size-ps_availqty,62156
c_mktsegment-p_size-ps_supplycost,198380
c_mktsegment-p_type-ps_availqty,62915
c_mktsegment-p_type-ps_supplycost,198419
c_nationkey-p_brand-ps_availqty,63875
c_nationkey-p_brand-ps_supplycost,207347
c_nationkey-p_container-ps_availqty,61794
c_nationkey-p_container-ps_supplycost,207560
c_nationkey-p_size-ps_availqty,62168
c_nationkey-p_size-ps_supplycost,197713
c_nationkey-p_type-ps_availqty,61198
c_nationkey-p_type-ps_supplycost,199498
c_phone-p_brand-ps_availqty,120248
c_phone-p_brand-ps_supplycost,251782
c_phone-p_container-ps_availqty,113302
c_phone-p_container-ps_supplycost,247924
c_phone-p_size-ps_availqty,117770
c_phone-p_size-ps_supplycost,244329
c_phone-p_type-ps_availqty,118108
c_phone-p_type-ps_supplycost,248622
c_acctbal-p_brand-r_name,97497
c_acctbal-p_brand-r_regionkey,83432
c_acctbal-p_container-r_name,82991
c_acctbal-p_container-r_regionkey,88306
c_acctbal-p_size-r_name,77529
c_acctbal-p_size-r_regionkey,82072
c_acctbal-p_type-r_name,82266
c_acctbal-p_type-r_regionkey,83356
c_mktsegment-p_brand-r_name,34053
c_mktsegment-p_brand-r_regionkey,33776
c_mktsegment-p_container-r_name,32778
c_mktsegment-p_container-r_regionkey,33292
c_mktsegment-p_size-r_name,33160
c_mktsegment-p_size-r_regionkey,34038
c_mktsegment-p_type-r_name,33956
c_mktsegment-p_type-r_regionkey,33179
c_nationkey-p_brand-r_name,35734
c_nationkey-p_brand-r_regionkey,34681
c_nationkey-p_container-r_name,35420
c_nationkey-p_container-r_regionkey,35508
c_nationkey-p_size-r_name,35016
c_nationkey-p_size-r_regionkey,35527
c_nationkey-p_type-r_name,36511
c_nationkey-p_type-r_regionkey,38306
c_phone-p_brand-r_name,86319
c_phone-p_brand-r_regionkey,82055
c_phone-p_container-r_name,81602
c_phone-p_container-r_regionkey,81345
c_phone-p_size-r_name,81529
c_phone-p_size-r_regionkey,81150
c_phone-p_type-r_name,82093
c_phone-p_type-r_regionkey,82428
c_acctbal-p_brand-s_nationkey,81643
c_acctbal-p_container-s_nationkey,81063
c_acctbal-p_size-s_nationkey,82549
c_acctbal-p_type-s_nationkey,81859
c_mktsegment-p_brand-s_nationkey,32417
c_mktsegment-p_container-s_nationkey,32670
c_mktsegment-p_size-s_nationkey,33219
c_mktsegment-p_type-s_nationkey,33455
c_nationkey-p_brand-s_nationkey,33226
c_nationkey-p_container-s_nationkey,33903
c_nationkey-p_size-s_nationkey,34815
c_nationkey-p_type-s_nationkey,35292
c_phone-p_brand-s_nationkey,82888
c_phone-p_container-s_nationkey,82770
c_phone-p_size-s_nationkey,82956
c_phone-p_type-s_nationkey,85609
c_acctbal-ps_availqty-r_name,116365
c_acctbal-ps_availqty-r_regionkey,118876
c_acctbal-ps_supplycost-r_name,273656
c_acctbal-ps_supplycost-r_regionkey,249506
c_mktsegment-ps_availqty-r_name,60879
c_mktsegment-ps_availqty-r_regionkey,67450
c_mktsegment-ps_supplycost-r_name,197787
c_mktsegment-ps_supplycost-r_regionkey,203069
c_nationkey-ps_availqty-r_name,60852
c_nationkey-ps_availqty-r_regionkey,62351
c_nationkey-ps_supplycost-r_name,204614
c_nationkey-ps_supplycost-r_regionkey,199572
c_phone-ps_availqty-r_name,120746
c_phone-ps_availqty-r_regionkey,113625
c_phone-ps_supplycost-r_name,245649
c_phone-ps_supplycost-r_regionkey,247124
c_acctbal-ps_availqty-s_nationkey,141367
c_acctbal-ps_supplycost-s_nationkey,255148
c_mktsegment-ps_availqty-s_nationkey,61524
c_mktsegment-ps_supplycost-s_nationkey,196949
c_nationkey-ps_availqty-s_nationkey,68792
c_nationkey-ps_supplycost-s_nationkey,197533
c_phone-ps_availqty-s_nationkey,111301
c_phone-ps_supplycost-s_nationkey,247760
c_acctbal-r_name-s_nationkey,87625
c_acctbal-r_regionkey-s_nationkey,82138
c_mktsegment-r_name-s_nationkey,32317
c_mktsegment-r_regionkey-s_nationkey,33363
c_nationkey-r_name-s_nationkey,33347
c_nationkey-r_regionkey-s_nationkey,33331
c_phone-r_name-s_nationkey,81368
c_phone-r_regionkey-s_nationkey,84052
l_commitdate-n_name-o_orderdate,72835
l_commitdate-n_name-o_orderpriority,49847
l_commitdate-n_name-o_orderstatus,44630
l_commitdate-n_nationkey-o_orderdate,55752
l_commitdate-n_nationkey-o_orderpriority,49053
l_commitdate-n_nationkey-o_orderstatus,51585
l_commitdate-n_regionkey-o_orderdate,50673
l_commitdate-n_regionkey-o_orderpriority,52869
l_commitdate-n_regionkey-o_orderstatus,44415
l_discount-n_name-o_orderdate,37454
l_discount-n_name-o_orderpriority,30501
l_discount-n_name-o_orderstatus,30956
l_discount-n_nationkey-o_orderdate,38032
l_discount-n_nationkey-o_orderpriority,30824
l_discount-n_nationkey-o_orderstatus,30514
l_discount-n_regionkey-o_orderdate,42150
l_discount-n_regionkey-o_orderpriority,29583
l_discount-n_regionkey-o_orderstatus,29487
l_quantity-n_name-o_orderdate,36129
l_quantity-n_name-o_orderpriority,29763
l_quantity-n_name-o_orderstatus,29664
l_quantity-n_nationkey-o_orderdate,37389
l_quantity-n_nationkey-o_orderpriority,33502
l_quantity-n_nationkey-o_orderstatus,29235
l_quantity-n_regionkey-o_orderdate,34710
l_quantity-n_regionkey-o_orderpriority,29129
l_quantity-n_regionkey-o_orderstatus,29025
l_receiptdate-n_name-o_orderdate,74528
l_receiptdate-n_name-o_orderpriority,50022
l_receiptdate-n_name-o_orderstatus,44431
l_receiptdate-n_nationkey-o_orderdate,57140
l_receiptdate-n_nationkey-o_orderpriority,49665
l_receiptdate-n_nationkey-o_orderstatus,53080
l_receiptdate-n_regionkey-o_orderdate,52241
l_receiptdate-n_regionkey-o_orderpriority,49597
l_receiptdate-n_regionkey-o_orderstatus,43374
l_returnflag-n_name-o_orderdate,37211
l_returnflag-n_name-o_orderpriority,30383
l_returnflag-n_name-o_orderstatus,29093
l_returnflag-n_nationkey-o_orderdate,38139
l_returnflag-n_nationkey-o_orderpriority,31558
l_returnflag-n_nationkey-o_orderstatus,31715
l_returnflag-n_regionkey-o_orderdate,41612
l_returnflag-n_regionkey-o_orderpriority,28603
l_returnflag-n_regionkey-o_orderstatus,29724
l_shipdate-n_name-o_orderdate,63324
l_shipdate-n_name-o_orderpriority,47350
l_shipdate-n_name-o_orderstatus,48416
l_shipdate-n_nationkey-o_orderdate,47066
l_shipdate-n_nationkey-o_orderpriority,46931
l_shipdate-n_nationkey-o_orderstatus,47220
l_shipdate-n_regionkey-o_orderdate,49690
l_shipdate-n_regionkey-o_orderpriority,46296
l_shipdate-n_regionkey-o_orderstatus,41489
l_shipinstruct-n_name-o_orderdate,40011
l_shipinstruct-n_name-o_orderpriority,32319
l_shipinstruct-n_name-o_orderstatus,34191
l_shipinstruct-n_nationkey-o_orderdate,46472
l_shipinstruct-n_nationkey-o_orderpriority,31497
l_shipinstruct-n_nationkey-o_orderstatus,33086
l_shipinstruct-n_regionkey-o_orderdate,35761
l_shipinstruct-n_regionkey-o_orderpriority,34392
l_shipinstruct-n_regionkey-o_orderstatus,30418
l_shipmode-n_name-o_orderdate,43262
l_shipmode-n_name-o_orderpriority,41875
l_shipmode-n_name-o_orderstatus,29024
l_shipmode-n_nationkey-o_orderdate,42345
l_shipmode-n_nationkey-o_orderpriority,27957
l_shipmode-n_nationkey-o_orderstatus,34286
l_shipmode-n_regionkey-o_orderdate,36925
l_shipmode-n_regionkey-o_orderpriority,29731
l_shipmode-n_regionkey-o_orderstatus,34351
l_commitdate-n_name-p_brand,47104
l_commitdate-n_name-p_container,59136
l_commitdate-n_name-p_size,45437
l_commitdate-n_name-p_type,52938
l_commitdate-n_nationkey-p_brand,48885
l_commitdate-n_nationkey-p_container,44828
l_commitdate-n_nationkey-p_size,51779
l_commitdate-n_nationkey-p_type,50972
l_commitdate-n_regionkey-p_brand,44252
l_commitdate-n_regionkey-p_container,55287
l_commitdate-n_regionkey-p_size,44022
l_commitdate-n_regionkey-p_type,50342
l_discount-n_name-p_brand,30418
l_discount-n_name-p_container,30617
l_discount-n_name-p_size,30235
l_discount-n_name-p_type,32481
l_discount-n_nationkey-p_brand,31850
l_discount-n_nationkey-p_container,32660
l_discount-n_nationkey-p_size,32373
l_discount-n_nationkey-p_type,32487
l_discount-n_regionkey-p_brand,32121
l_discount-n_regionkey-p_container,31714
l_discount-n_regionkey-p_size,32681
l_discount-n_regionkey-p_type,33764
l_quantity-n_name-p_brand,31312
l_quantity-n_name-p_container,32041
l_quantity-n_name-p_size,31700
l_quantity-n_name-p_type,33046
l_quantity-n_nationkey-p_brand,32777
l_quantity-n_nationkey-p_container,39700
l_quantity-n_nationkey-p_size,28713
l_quantity-n_nationkey-p_type,30613
l_quantity-n_regionkey-p_brand,30155
l_quantity-n_regionkey-p_container,31466
l_quantity-n_regionkey-p_size,30395
l_quantity-n_regionkey-p_type,30845
l_receiptdate-n_name-p_brand,51548
l_receiptdate-n_name-p_container,45265
l_receiptdate-n_name-p_size,51456
l_receiptdate-n_name-p_type,43911
l_receiptdate-n_nationkey-p_brand,50526
l_receiptdate-n_nationkey-p_container,43772
l_receiptdate-n_nationkey-p_size,52090
l_receiptdate-n_nationkey-p_type,51497
l_receiptdate-n_regionkey-p_brand,46546
l_receiptdate-n_regionkey-p_container,51302
l_receiptdate-n_regionkey-p_size,44358
l_receiptdate-n_regionkey-p_type,53780
l_returnflag-n_name-p_brand,31278
l_returnflag-n_name-p_container,30027
l_returnflag-n_name-p_size,30503
l_returnflag-n_name-p_type,29767
l_returnflag-n_nationkey-p_brand,32860
l_returnflag-n_nationkey-p_container,33706
l_returnflag-n_nationkey-p_size,30552
l_returnflag-n_nationkey-p_type,30933
l_returnflag-n_regionkey-p_brand,30658
l_returnflag-n_regionkey-p_container,30797
l_returnflag-n_regionkey-p_size,33375
l_returnflag-n_regionkey-p_type,33600
l_shipdate-n_name-p_brand,52098
l_shipdate-n_name-p_container,39997
l_shipdate-n_name-p_size,48503
l_shipdate-n_name-p_type,48616
l_shipdate-n_nationkey-p_brand,41601
l_shipdate-n_nationkey-p_container,48162
l_shipdate-n_nationkey-p_size,40785
l_shipdate-n_nationkey-p_type,47784
l_shipdate-n_regionkey-p_brand,40901
l_shipdate-n_regionkey-p_container,47827
l_shipdate-n_regionkey-p_size,49523
l_shipdate-n_regionkey-p_type,42121
l_shipinstruct-n_name-p_brand,28734
l_shipinstruct-n_name-p_container,30120
l_shipinstruct-n_name-p_size,29620
l_shipinstruct-n_name-p_type,33841
l_shipinstruct-n_nationkey-p_brand,33213
l_shipinstruct-n_nationkey-p_container,33600
l_shipinstruct-n_nationkey-p_size,31989
l_shipinstruct-n_nationkey-p_type,30468
l_shipinstruct-n_regionkey-p_brand,31445
l_shipinstruct-n_regionkey-p_container,36082
l_shipinstruct-n_regionkey-p_size,35502
l_shipinstruct-n_regionkey-p_type,35913
l_shipmode-n_name-p_brand,38868
l_shipmode-n_name-p_container,28482
l_shipmode-n_name-p_size,34212
l_shipmode-n_name-p_type,29846
l_shipmode-n_nationkey-p_brand,29464
l_shipmode-n_nationkey-p_container,29572
l_shipmode-n_nationkey-p_size,30096
l_shipmode-n_nationkey-p_type,29318
l_shipmode-n_regionkey-p_brand,35232
l_shipmode-n_regionkey-p_container,35338
l_shipmode-n_regionkey-p_size,30449
l_shipmode-n_regionkey-p_type,30142
l_commitdate-n_name-ps_availqty,100261
l_commitdate-n_name-ps_supplycost,361699
l_commitdate-n_nationkey-ps_availqty,73119
l_commitdate-n_nationkey-ps_supplycost,219425
l_commitdate-n_regionkey-ps_availqty,80110
l_commitdate-n_regionkey-ps_supplycost,217393
l_discount-n_name-ps_availqty,66188
l_discount-n_name-ps_supplycost,196985
l_discount-n_nationkey-ps_availqty,61231
l_discount-n_nationkey-ps_supplycost,196445
l_discount-n_regionkey-ps_availqty,61029
l_discount-n_regionkey-ps_supplycost,196064
l_quantity-n_name-ps_availqty,59394
l_quantity-n_name-ps_supplycost,196111
l_quantity-n_nationkey-ps_availqty,58087
l_quantity-n_nationkey-ps_supplycost,203110
l_quantity-n_regionkey-ps_availqty,57523
l_quantity-n_regionkey-ps_supplycost,202930
l_receiptdate-n_name-ps_availqty,81069
l_receiptdate-n_name-ps_supplycost,218604
l_receiptdate-n_nationkey-ps_availqty,74898
l_receiptdate-n_nationkey-ps_supplycost,209821
l_receiptdate-n_regionkey-ps_availqty,73557
l_receiptdate-n_regionkey-ps_supplycost,219677
l_returnflag-n_name-ps_availqty,59296
l_returnflag-n_name-ps_supplycost,195794
l_returnflag-n_nationkey-ps_availqty,60977
l_returnflag-n_nationkey-ps_supplycost,197482
l_returnflag-n_regionkey-ps_availqty,59697
l_returnflag-n_regionkey-ps_supplycost,195465
l_shipdate-n_name-ps_availqty,82423
l_shipdate-n_name-ps_supplycost,214824
l_shipdate-n_nationkey-ps_availqty,76682
l_shipdate-n_nationkey-ps_supplycost,214131
l_shipdate-n_regionkey-ps_availqty,69584
l_shipdate-n_regionkey-ps_supplycost,212426
l_shipinstruct-n_name-ps_availqty,63372
l_shipinstruct-n_name-ps_supplycost,199052
l_shipinstruct-n_nationkey-ps_availqty,64696
l_shipinstruct-n_nationkey-ps_supplycost,199270
l_shipinstruct-n_regionkey-ps_availqty,61715
l_shipinstruct-n_regionkey-ps_supplycost,200384
l_shipmode-n_name-ps_availqty,59338
l_shipmode-n_name-ps_supplycost,201319
l_shipmode-n_nationkey-ps_availqty,58980
l_shipmode-n_nationkey-ps_supplycost,202091
l_shipmode-n_regionkey-ps_availqty,58457
l_shipmode-n_regionkey-ps_supplycost,204387
l_commitdate-n_name-r_name,70197
l_commitdate-n_name-r_regionkey,52311
l_commitdate-n_nationkey-r_name,44708
l_commitdate-n_nationkey-r_regionkey,52914
l_commitdate-n_regionkey-r_name,51237
l_commitdate-n_regionkey-r_regionkey,52064
l_discount-n_name-r_name,30877
l_discount-n_name-r_regionkey,31649
l_discount-n_nationkey-r_name,31359
l_discount-n_nationkey-r_regionkey,31198
l_discount-n_regionkey-r_name,30276
l_discount-n_regionkey-r_regionkey,32428
l_quantity-n_name-r_name,32260
l_quantity-n_name-r_regionkey,31096
l_quantity-n_nationkey-r_name,30314
l_quantity-n_nationkey-r_regionkey,30195
l_quantity-n_regionkey-r_name,32051
l_quantity-n_regionkey-r_regionkey,31565
l_receiptdate-n_name-r_name,64765
l_receiptdate-n_name-r_regionkey,45261
l_receiptdate-n_nationkey-r_name,51198
l_receiptdate-n_nationkey-r_regionkey,44676
l_receiptdate-n_regionkey-r_name,52494
l_receiptdate-n_regionkey-r_regionkey,49364
l_returnflag-n_name-r_name,29453
l_returnflag-n_name-r_regionkey,29755
l_returnflag-n_nationkey-r_name,30037
l_returnflag-n_nationkey-r_regionkey,29969
l_returnflag-n_regionkey-r_name,28084
l_returnflag-n_regionkey-r_regionkey,29729
l_shipdate-n_name-r_name,51393
l_shipdate-n_name-r_regionkey,48467
l_shipdate-n_nationkey-r_name,46999
l_shipdate-n_nationkey-r_regionkey,46403
l_shipdate-n_regionkey-r_name,42587
l_shipdate-n_regionkey-r_regionkey,46308
l_shipinstruct-n_name-r_name,34430
l_shipinstruct-n_name-r_regionkey,33958
l_shipinstruct-n_nationkey-r_name,29437
l_shipinstruct-n_nationkey-r_regionkey,34639
l_shipinstruct-n_regionkey-r_name,33441
l_shipinstruct-n_regionkey-r_regionkey,33557
l_shipmode-n_name-r_name,29958
l_shipmode-n_name-r_regionkey,29409
l_shipmode-n_nationkey-r_name,34801
l_shipmode-n_nationkey-r_regionkey,35284
l_shipmode-n_regionkey-r_name,30254
l_shipmode-n_regionkey-r_regionkey,30869
l_commitdate-n_name-s_nationkey,54529
l_commitdate-n_nationkey-s_nationkey,55116
l_commitdate-n_regionkey-s_nationkey,44784
l_discount-n_name-s_nationkey,29907
l_discount-n_nationkey-s_nationkey,30373
l_discount-n_regionkey-s_nationkey,30099
l_quantity-n_name-s_nationkey,30844
l_quantity-n_nationkey-s_nationkey,30646
l_quantity-n_regionkey-s_nationkey,32374
l_receiptdate-n_name-s_nationkey,52566
l_receiptdate-n_nationkey-s_nationkey,50696
l_receiptdate-n_regionkey-s_nationkey,44584
l_returnflag-n_name-s_nationkey,29933
l_returnflag-n_nationkey-s_nationkey,31386
l_returnflag-n_regionkey-s_nationkey,31196
l_shipdate-n_name-s_nationkey,52444
l_shipdate-n_nationkey-s_nationkey,42316
l_shipdate-n_regionkey-s_nationkey,48486
l_shipinstruct-n_name-s_nationkey,32921
l_shipinstruct-n_nationkey-s_nationkey,33378
l_shipinstruct-n_regionkey-s_nationkey,32848
l_shipmode-n_name-s_nationkey,36703
l_shipmode-n_nationkey-s_nationkey,29307
l_shipmode-n_regionkey-s_nationkey,28314
l_commitdate-o_orderdate-p_brand,68340
l_commitdate-o_orderdate-p_container,51115
l_commitdate-o_orderdate-p_size,61562
l_commitdate-o_orderdate-p_type,53006
l_commitdate-o_orderpriority-p_brand,51365
l_commitdate-o_orderpriority-p_container,44725
l_commitdate-o_orderpriority-p_size,52430
l_commitdate-o_orderpriority-p_type,56590
l_commitdate-o_orderstatus-p_brand,51789
l_commitdate-o_orderstatus-p_container,45834
l_commitdate-o_orderstatus-p_size,54379
l_commitdate-o_orderstatus-p_type,45268
l_discount-o_orderdate-p_brand,37599
l_discount-o_orderdate-p_container,38825
l_discount-o_orderdate-p_size,38956
l_discount-o_orderdate-p_type,39590
l_discount-o_orderpriority-p_brand,37949
l_discount-o_orderpriority-p_container,29736
l_discount-o_orderpriority-p_size,30276
l_discount-o_orderpriority-p_type,30770
l_discount-o_orderstatus-p_brand,30403
l_discount-o_orderstatus-p_container,31287
l_discount-o_orderstatus-p_size,31749
l_discount-o_orderstatus-p_type,32560
l_quantity-o_orderdate-p_brand,39360
l_quantity-o_orderdate-p_container,38580
l_quantity-o_orderdate-p_size,38428
l_quantity-o_orderdate-p_type,48542
l_quantity-o_orderpriority-p_brand,29266
l_quantity-o_orderpriority-p_container,30535
l_quantity-o_orderpriority-p_size,30529
l_quantity-o_orderpriority-p_type,30966
l_quantity-o_orderstatus-p_brand,29780
l_quantity-o_orderstatus-p_container,32140
l_quantity-o_orderstatus-p_size,30999
l_quantity-o_orderstatus-p_type,31008
l_receiptdate-o_orderdate-p_brand,70673
l_receiptdate-o_orderdate-p_container,50628
l_receiptdate-o_orderdate-p_size,61962
l_receiptdate-o_orderdate-p_type,51250
l_receiptdate-o_orderpriority-p_brand,55113
l_receiptdate-o_orderpriority-p_container,52376
l_receiptdate-o_orderpriority-p_size,44319
l_receiptdate-o_orderpriority-p_type,52833
l_receiptdate-o_orderstatus-p_brand,44871
l_receiptdate-o_orderstatus-p_container,53917
l_receiptdate-o_orderstatus-p_size,44431
l_receiptdate-o_orderstatus-p_type,54009
l_returnflag-o_orderdate-p_brand,35789
l_returnflag-o_orderdate-p_container,37019
l_returnflag-o_orderdate-p_size,43897
l_returnflag-o_orderdate-p_type,36287
l_returnflag-o_orderpriority-p_brand,29307
l_returnflag-o_orderpriority-p_container,31290
l_returnflag-o_orderpriority-p_size,30785
l_returnflag-o_orderpriority-p_type,30820
l_returnflag-o_orderstatus-p_brand,30863
l_returnflag-o_orderstatus-p_container,30651
l_returnflag-o_orderstatus-p_size,31114
l_returnflag-o_orderstatus-p_type,32269
l_shipdate-o_orderdate-p_brand,53584
l_shipdate-o_orderdate-p_container,58499
l_shipdate-o_orderdate-p_size,56592
l_shipdate-o_orderdate-p_type,55547
l_shipdate-o_orderpriority-p_brand,50647
l_shipdate-o_orderpriority-p_container,42202
l_shipdate-o_orderpriority-p_size,49840
l_shipdate-o_orderpriority-p_type,42065
l_shipdate-o_orderstatus-p_brand,52814
l_shipdate-o_orderstatus-p_container,43325
l_shipdate-o_orderstatus-p_size,62380
l_shipdate-o_orderstatus-p_type,42214
l_shipinstruct-o_orderdate-p_brand,41891
l_shipinstruct-o_orderdate-p_container,36546
l_shipinstruct-o_orderdate-p_size,40549
l_shipinstruct-o_orderdate-p_type,43045
l_shipinstruct-o_orderpriority-p_brand,28549
l_shipinstruct-o_orderpriority-p_container,42193
l_shipinstruct-o_orderpriority-p_size,33049
l_shipinstruct-o_orderpriority-p_type,33402
l_shipinstruct-o_orderstatus-p_brand,33436
l_shipinstruct-o_orderstatus-p_container,30175
l_shipinstruct-o_orderstatus-p_size,33131
l_shipinstruct-o_orderstatus-p_type,35166
l_shipmode-o_orderdate-p_brand,37629
l_shipmode-o_orderdate-p_container,43479
l_shipmode-o_orderdate-p_size,37708
l_shipmode-o_orderdate-p_type,37638
l_shipmode-o_orderpriority-p_brand,36663
l_shipmode-o_orderpriority-p_container,30699
l_shipmode-o_orderpriority-p_size,36187
l_shipmode-o_orderpriority-p_type,37914
l_shipmode-o_orderstatus-p_brand,32915
l_shipmode-o_orderstatus-p_container,39435
l_shipmode-o_orderstatus-p_size,33258
l_shipmode-o_orderstatus-p_type,33878
l_commitdate-o_orderdate-ps_availqty,102934
l_commitdate-o_orderdate-ps_supplycost,305354
l_commitdate-o_orderpriority-ps_availqty,82083
l_commitdate-o_orderpriority-ps_supplycost,220135
l_commitdate-o_orderstatus-ps_availqty,82648
l_commitdate-o_orderstatus-ps_supplycost,237627
l_discount-o_orderdate-ps_availqty,70525
l_discount-o_orderdate-ps_supplycost,203351
l_discount-o_orderpriority-ps_availqty,60489
l_discount-o_orderpriority-ps_supplycost,194536
l_discount-o_orderstatus-ps_availqty,58793
l_discount-o_orderstatus-ps_supplycost,194753
l_quantity-o_orderdate-ps_availqty,64258
l_quantity-o_orderdate-ps_supplycost,201361
l_quantity-o_orderpriority-ps_availqty,64178
l_quantity-o_orderpriority-ps_supplycost,202877
l_quantity-o_orderstatus-ps_availqty,58832
l_quantity-o_orderstatus-ps_supplycost,203569
l_receiptdate-o_orderdate-ps_availqty,97555
l_receiptdate-o_orderdate-ps_supplycost,223937
l_receiptdate-o_orderpriority-ps_availqty,83393
l_receiptdate-o_orderpriority-ps_supplycost,220950
l_receiptdate-o_orderstatus-ps_availqty,74284
l_receiptdate-o_orderstatus-ps_supplycost,218945
l_returnflag-o_orderdate-ps_availqty,67599
l_returnflag-o_orderdate-ps_supplycost,201723
l_returnflag-o_orderpriority-ps_availqty,60043
l_returnflag-o_orderpriority-ps_supplycost,194364
l_returnflag-o_orderstatus-ps_availqty,59853
l_returnflag-o_orderstatus-ps_supplycost,194802
l_shipdate-o_orderdate-ps_availqty,98944
l_shipdate-o_orderdate-ps_supplycost,223777
l_shipdate-o_orderpriority-ps_availqty,81014
l_shipdate-o_orderpriority-ps_supplycost,221477
l_shipdate-o_orderstatus-ps_availqty,78433
l_shipdate-o_orderstatus-ps_supplycost,217322
l_shipinstruct-o_orderdate-ps_availqty,67994
l_shipinstruct-o_orderdate-ps_supplycost,205073
l_shipinstruct-o_orderpriority-ps_availqty,62232
l_shipinstruct-o_orderpriority-ps_supplycost,199287
l_shipinstruct-o_orderstatus-ps_availqty,69070
l_shipinstruct-o_orderstatus-ps_supplycost,199237
l_shipmode-o_orderdate-ps_availqty,79301
l_shipmode-o_orderdate-ps_supplycost,201334
l_shipmode-o_orderpriority-ps_availqty,59222
l_shipmode-o_orderpriority-ps_supplycost,194861
l_shipmode-o_orderstatus-ps_availqty,58583
l_shipmode-o_orderstatus-ps_supplycost,199257
l_commitdate-o_orderdate-r_name,83244
l_commitdate-o_orderdate-r_regionkey,52284
l_commitdate-o_orderpriority-r_name,52590
l_commitdate-o_orderpriority-r_regionkey,52967
l_commitdate-o_orderstatus-r_name,51227
l_commitdate-o_orderstatus-r_regionkey,47437
l_discount-o_orderdate-r_name,37410
l_discount-o_orderdate-r_regionkey,37071
l_discount-o_orderpriority-r_name,30957
l_discount-o_orderpriority-r_regionkey,29890
l_discount-o_orderstatus-r_name,32319
l_discount-o_orderstatus-r_regionkey,30976
l_quantity-o_orderdate-r_name,45789
l_quantity-o_orderdate-r_regionkey,36565
l_quantity-o_orderpriority-r_name,30150
l_quantity-o_orderpriority-r_regionkey,28483
l_quantity-o_orderstatus-r_name,31476
l_quantity-o_orderstatus-r_regionkey,42834
l_receiptdate-o_orderdate-r_name,69861
l_receiptdate-o_orderdate-r_regionkey,58185
l_receiptdate-o_orderpriority-r_name,45022
l_receiptdate-o_orderpriority-r_regionkey,56040
l_receiptdate-o_orderstatus-r_name,44027
l_receiptdate-o_orderstatus-r_regionkey,51757
l_returnflag-o_orderdate-r_name,43506
l_returnflag-o_orderdate-r_regionkey,37280
l_returnflag-o_orderpriority-r_name,29824
l_returnflag-o_orderpriority-r_regionkey,29584
l_returnflag-o_orderstatus-r_name,30501
l_returnflag-o_orderstatus-r_regionkey,31160
l_shipdate-o_orderdate-r_name,68594
l_shipdate-o_orderdate-r_regionkey,58578
l_shipdate-o_orderpriority-r_name,40822
l_shipdate-o_orderpriority-r_regionkey,50425
l_shipdate-o_orderstatus-r_name,41929
l_shipdate-o_orderstatus-r_regionkey,49395
l_shipinstruct-o_orderdate-r_name,35212
l_shipinstruct-o_orderdate-r_regionkey,36264
l_shipinstruct-o_orderpriority-r_name,29806
l_shipinstruct-o_orderpriority-r_regionkey,33340
l_shipinstruct-o_orderstatus-r_name,35188
l_shipinstruct-o_orderstatus-r_regionkey,34404
l_shipmode-o_orderdate-r_name,35995
l_shipmode-o_orderdate-r_regionkey,37273
l_shipmode-o_orderpriority-r_name,35809
l_shipmode-o_orderpriority-r_regionkey,33932
l_shipmode-o_orderstatus-r_name,30121
l_shipmode-o_orderstatus-r_regionkey,28619
l_commitdate-o_orderdate-s_nationkey,62959
l_commitdate-o_orderpriority-s_nationkey,45637
l_commitdate-o_orderstatus-s_nationkey,55025
l_discount-o_orderdate-s_nationkey,37105
l_discount-o_orderpriority-s_nationkey,31119
l_discount-o_orderstatus-s_nationkey,30187
l_quantity-o_orderdate-s_nationkey,36630
l_quantity-o_orderpriority-s_nationkey,39518
l_quantity-o_orderstatus-s_nationkey,30017
l_receiptdate-o_orderdate-s_nationkey,51863
l_receiptdate-o_orderpriority-s_nationkey,44575
l_receiptdate-o_orderstatus-s_nationkey,50636
l_returnflag-o_orderdate-s_nationkey,36643
l_returnflag-o_orderpriority-s_nationkey,30246
l_returnflag-o_orderstatus-s_nationkey,29869
l_shipdate-o_orderdate-s_nationkey,48318
l_shipdate-o_orderpriority-s_nationkey,50638
l_shipdate-o_orderstatus-s_nationkey,42192
l_shipinstruct-o_orderdate-s_nationkey,35975
l_shipinstruct-o_orderpriority-s_nationkey,32590
l_shipinstruct-o_orderstatus-s_nationkey,34245
l_shipmode-o_orderdate-s_nationkey,36459
l_shipmode-o_orderpriority-s_nationkey,29240
l_shipmode-o_orderstatus-s_nationkey,31282
l_commitdate-p_brand-ps_availqty,91902
l_commitdate-p_brand-ps_supplycost,289591
l_commitdate-p_container-ps_availqty,74453
l_commitdate-p_container-ps_supplycost,221648
l_commitdate-p_size-ps_availqty,82640
l_commitdate-p_size-ps_supplycost,216873
l_commitdate-p_type-ps_availqty,80250
l_commitdate-p_type-ps_supplycost,218481
l_discount-p_brand-ps_availqty,60641
l_discount-p_brand-ps_supplycost,203138
l_discount-p_container-ps_availqty,59304
l_discount-p_container-ps_supplycost,197393
l_discount-p_size-ps_availqty,59664
l_discount-p_size-ps_supplycost,195425
l_discount-p_type-ps_availqty,67837
l_discount-p_type-ps_supplycost,194201
l_quantity-p_brand-ps_availqty,58829
l_quantity-p_brand-ps_supplycost,195829
l_quantity-p_container-ps_availqty,67841
l_quantity-p_container-ps_supplycost,204910
l_quantity-p_size-ps_availqty,58899
l_quantity-p_size-ps_supplycost,203750
l_quantity-p_type-ps_availqty,61933
l_quantity-p_type-ps_supplycost,205317
l_receiptdate-p_brand-ps_availqty,82004
l_receiptdate-p_brand-ps_supplycost,238569
l_receiptdate-p_container-ps_availqty,74700
l_receiptdate-p_container-ps_supplycost,216093
l_receiptdate-p_size-ps_availqty,73676
l_receiptdate-p_size-ps_supplycost,217854
l_receiptdate-p_type-ps_availqty,85191
l_receiptdate-p_type-ps_supplycost,223964
l_returnflag-p_brand-ps_availqty,59919
l_returnflag-p_brand-ps_supplycost,194652
l_returnflag-p_container-ps_availqty,59647
l_returnflag-p_container-ps_supplycost,196103
l_returnflag-p_size-ps_availqty,59543
l_returnflag-p_size-ps_supplycost,194134
l_returnflag-p_type-ps_availqty,59950
l_returnflag-p_type-ps_supplycost,194852
l_shipdate-p_brand-ps_availqty,93404
l_shipdate-p_brand-ps_supplycost,214226
l_shipdate-p_container-ps_availqty,76418
l_shipdate-p_container-ps_supplycost,216195
l_shipdate-p_size-ps_availqty,78317
l_shipdate-p_size-ps_supplycost,216688
l_shipdate-p_type-ps_availqty,81477
l_shipdate-p_type-ps_supplycost,216474
l_shipinstruct-p_brand-ps_availqty,61669
l_shipinstruct-p_brand-ps_supplycost,199179
l_shipinstruct-p_container-ps_availqty,63099
l_shipinstruct-p_container-ps_supplycost,197514
l_shipinstruct-p_size-ps_availqty,58242
l_shipinstruct-p_size-ps_supplycost,200031
l_shipinstruct-p_type-ps_availqty,58999
l_shipinstruct-p_type-ps_supplycost,198112
l_shipmode-p_brand-ps_availqty,64364
l_shipmode-p_brand-ps_supplycost,199690
l_shipmode-p_container-ps_availqty,58873
l_shipmode-p_container-ps_supplycost,194436
l_shipmode-p_size-ps_availqty,63342
l_shipmode-p_size-ps_supplycost,210347
l_shipmode-p_type-ps_availqty,59721
l_shipmode-p_type-ps_supplycost,201399
l_commitdate-p_brand-r_name,80083
l_commitdate-p_brand-r_regionkey,52131
l_commitdate-p_container-r_name,54138
l_commitdate-p_container-r_regionkey,44060
l_commitdate-p_size-r_name,53875
l_commitdate-p_size-r_regionkey,46432
l_commitdate-p_type-r_name,53559
l_commitdate-p_type-r_regionkey,45911
l_discount-p_brand-r_name,31951
l_discount-p_brand-r_regionkey,30305
l_discount-p_container-r_name,31557
l_discount-p_container-r_regionkey,32238
l_discount-p_size-r_name,37176
l_discount-p_size-r_regionkey,32932
l_discount-p_type-r_name,31125
l_discount-p_type-r_regionkey,33391
l_quantity-p_brand-r_name,32845
l_quantity-p_brand-r_regionkey,37981
l_quantity-p_container-r_name,29833
l_quantity-p_container-r_regionkey,30061
l_quantity-p_size-r_name,30402
l_quantity-p_size-r_regionkey,29734
l_quantity-p_type-r_name,31431
l_quantity-p_type-r_regionkey,31238
l_receiptdate-p_brand-r_name,64834
l_receiptdate-p_brand-r_regionkey,43987
l_receiptdate-p_container-r_name,61123
l_receiptdate-p_container-r_regionkey,44317
l_receiptdate-p_size-r_name,52113
l_receiptdate-p_size-r_regionkey,56466
l_receiptdate-p_type-r_name,44122
l_receiptdate-p_type-r_regionkey,45028
l_returnflag-p_brand-r_name,45747
l_returnflag-p_brand-r_regionkey,30042
l_returnflag-p_container-r_name,31106
l_returnflag-p_container-r_regionkey,29673
l_returnflag-p_size-r_name,30601
l_returnflag-p_size-r_regionkey,29882
l_returnflag-p_type-r_name,32368
l_returnflag-p_type-r_regionkey,31503
l_shipdate-p_brand-r_name,62173
l_shipdate-p_brand-r_regionkey,41827
l_shipdate-p_container-r_name,48262
l_shipdate-p_container-r_regionkey,42037
l_shipdate-p_size-r_name,48522
l_shipdate-p_size-r_regionkey,42308
l_shipdate-p_type-r_name,49272
l_shipdate-p_type-r_regionkey,41700
l_shipinstruct-p_brand-r_name,30148
l_shipinstruct-p_brand-r_regionkey,32269
l_shipinstruct-p_container-r_name,30440
l_shipinstruct-p_container-r_regionkey,29227
l_shipinstruct-p_size-r_name,33313
l_shipinstruct-p_size-r_regionkey,30540
l_shipinstruct-p_type-r_name,33862
l_shipinstruct-p_type-r_regionkey,35451
l_shipmode-p_brand-r_name,30086
l_shipmode-p_brand-r_regionkey,30967
l_shipmode-p_container-r_name,31323
l_shipmode-p_container-r_regionkey,30988
l_shipmode-p_size-r_name,36834
l_shipmode-p_size-r_regionkey,30423
l_shipmode-p_type-r_name,33067
l_shipmode-p_type-r_regionkey,31708
l_commitdate-p_brand-s_nationkey,57350
l_commitdate-p_container-s_nationkey,52089
l_commitdate-p_size-s_nationkey,53869
l_commitdate-p_type-s_nationkey,45349
l_discount-p_brand-s_nationkey,30937
l_discount-p_container-s_nationkey,30975
l_discount-p_size-s_nationkey,31282
l_discount-p_type-s_nationkey,31491
l_quantity-p_brand-s_nationkey,30561
l_quantity-p_container-s_nationkey,30052
l_quantity-p_size-s_nationkey,31018
l_quantity-p_type-s_nationkey,30957
l_receiptdate-p_brand-s_nationkey,54250
l_receiptdate-p_container-s_nationkey,52119
l_receiptdate-p_size-s_nationkey,45880
l_receiptdate-p_type-s_nationkey,52781
l_returnflag-p_brand-s_nationkey,30649
l_returnflag-p_container-s_nationkey,29813
l_returnflag-p_size-s_nationkey,31599
l_returnflag-p_type-s_nationkey,38669
l_shipdate-p_brand-s_nationkey,42555
l_shipdate-p_container-s_nationkey,49414
l_shipdate-p_size-s_nationkey,41345
l_shipdate-p_type-s_nationkey,51598
l_shipinstruct-p_brand-s_nationkey,33688
l_shipinstruct-p_container-s_nationkey,33689
l_shipinstruct-p_size-s_nationkey,32829
l_shipinstruct-p_type-s_nationkey,33574
l_shipmode-p_brand-s_nationkey,28750
l_shipmode-p_container-s_nationkey,29090
l_shipmode-p_size-s_nationkey,29455
l_shipmode-p_type-s_nationkey,36432
l_commitdate-ps_availqty-r_name,103621
l_commitdate-ps_availqty-r_regionkey,75767
l_commitdate-ps_supplycost-r_name,291988
l_commitdate-ps_supplycost-r_regionkey,220259
l_discount-ps_availqty-r_name,59941
l_discount-ps_availqty-r_regionkey,59155
l_discount-ps_supplycost-r_name,204654
l_discount-ps_supplycost-r_regionkey,195822
l_quantity-ps_availqty-r_name,58526
l_quantity-ps_availqty-r_regionkey,58045
l_quantity-ps_supplycost-r_name,204790
l_quantity-ps_supplycost-r_regionkey,193343
l_receiptdate-ps_availqty-r_name,100382
l_receiptdate-ps_availqty-r_regionkey,83252
l_receiptdate-ps_supplycost-r_name,219905
l_receiptdate-ps_supplycost-r_regionkey,218909
l_returnflag-ps_availqty-r_name,58838
l_returnflag-ps_availqty-r_regionkey,68217
l_returnflag-ps_supplycost-r_name,195395
l_returnflag-ps_supplycost-r_regionkey,195137
l_shipdate-ps_availqty-r_name,93453
l_shipdate-ps_availqty-r_regionkey,71184
l_shipdate-ps_supplycost-r_name,220570
l_shipdate-ps_supplycost-r_regionkey,217703
l_shipinstruct-ps_availqty-r_name,62944
l_shipinstruct-ps_availqty-r_regionkey,62286
l_shipinstruct-ps_supplycost-r_name,223245
l_shipinstruct-ps_supplycost-r_regionkey,195930
l_shipmode-ps_availqty-r_name,60802
l_shipmode-ps_availqty-r_regionkey,58549
l_shipmode-ps_supplycost-r_name,194332
l_shipmode-ps_supplycost-r_regionkey,195151
l_commitdate-ps_availqty-s_nationkey,94197
l_commitdate-ps_supplycost-s_nationkey,221045
l_discount-ps_availqty-s_nationkey,60033
l_discount-ps_supplycost-s_nationkey,211456
l_quantity-ps_availqty-s_nationkey,57794
l_quantity-ps_supplycost-s_nationkey,206183
l_receiptdate-ps_availqty-s_nationkey,94182
l_receiptdate-ps_supplycost-s_nationkey,219555
l_returnflag-ps_availqty-s_nationkey,59072
l_returnflag-ps_supplycost-s_nationkey,220383
l_shipdate-ps_availqty-s_nationkey,88066
l_shipdate-ps_supplycost-s_nationkey,217460
l_shipinstruct-ps_availqty-s_nationkey,63361
l_shipinstruct-ps_supplycost-s_nationkey,200611
l_shipmode-ps_availqty-s_nationkey,59604
l_shipmode-ps_supplycost-s_nationkey,199001
l_commitdate-r_name-s_nationkey,67019
l_commitdate-r_regionkey-s_nationkey,44779
l_discount-r_name-s_nationkey,30446
l_discount-r_regionkey-s_nationkey,30685
l_quantity-r_name-s_nationkey,29626
l_quantity-r_regionkey-s_nationkey,30452
l_receiptdate-r_name-s_nationkey,56097
l_receiptdate-r_regionkey-s_nationkey,53793
l_returnflag-r_name-s_nationkey,29842
l_returnflag-r_regionkey-s_nationkey,31519
l_shipdate-r_name-s_nationkey,53476
l_shipdate-r_regionkey-s_nationkey,41774
l_shipinstruct-r_name-s_nationkey,33799
l_shipinstruct-r_regionkey-s_nationkey,33368
l_shipmode-r_name-s_nationkey,30740
l_shipmode-r_regionkey-s_nationkey,28949
n_name-o_orderdate-p_brand,48215
n_name-o_orderdate-p_container,40631
n_name-o_orderdate-p_size,49822
n_name-o_orderdate-p_type,39813
n_name-o_orderpriority-p_brand,32899
n_name-o_orderpriority-p_container,33032
n_name-o_orderpriority-p_size,34162
n_name-o_orderpriority-p_type,33051
n_name-o_orderstatus-p_brand,34387
n_name-o_orderstatus-p_container,33994
n_name-o_orderstatus-p_size,35025
n_name-o_orderstatus-p_type,34632
n_nationkey-o_orderdate-p_brand,40044
n_nationkey-o_orderdate-p_container,52004
n_nationkey-o_orderdate-p_size,40111
n_nationkey-o_orderdate-p_type,39394
n_nationkey-o_orderpriority-p_brand,34352
n_nationkey-o_orderpriority-p_container,33729
n_nationkey-o_orderpriority-p_size,32734
n_nationkey-o_orderpriority-p_type,33483
n_nationkey-o_orderstatus-p_brand,33285
n_nationkey-o_orderstatus-p_container,33643
n_nationkey-o_orderstatus-p_size,44515
n_nationkey-o_orderstatus-p_type,32593
n_regionkey-o_orderdate-p_brand,39953
n_regionkey-o_orderdate-p_container,39586
n_regionkey-o_orderdate-p_size,39136
n_regionkey-o_orderdate-p_type,40771
n_regionkey-o_orderpriority-p_brand,34119
n_regionkey-o_orderpriority-p_container,34728
n_regionkey-o_orderpriority-p_size,34657
n_regionkey-o_orderpriority-p_type,33529
n_regionkey-o_orderstatus-p_brand,34936
n_regionkey-o_orderstatus-p_container,35036
n_regionkey-o_orderstatus-p_size,34942
n_regionkey-o_orderstatus-p_type,35233
n_name-o_orderdate-ps_availqty,67937
n_name-o_orderdate-ps_supplycost,260385
n_name-o_orderpriority-ps_availqty,62097
n_name-o_orderpriority-ps_supplycost,199977
n_name-o_orderstatus-ps_availqty,60875
n_name-o_orderstatus-ps_supplycost,198528
n_nationkey-o_orderdate-ps_availqty,79063
n_nationkey-o_orderdate-ps_supplycost,204561
n_nationkey-o_orderpriority-ps_availqty,62393
n_nationkey-o_orderpriority-ps_supplycost,199239
n_nationkey-o_orderstatus-ps_availqty,61488
n_nationkey-o_orderstatus-ps_supplycost,199635
n_regionkey-o_orderdate-ps_availqty,70067
n_regionkey-o_orderdate-ps_supplycost,205588
n_regionkey-o_orderpriority-ps_availqty,61985
n_regionkey-o_orderpriority-ps_supplycost,198610
n_regionkey-o_orderstatus-ps_availqty,60915
n_regionkey-o_orderstatus-ps_supplycost,197748
n_name-o_orderdate-r_name,40368
n_name-o_orderdate-r_regionkey,46688
n_name-o_orderpriority-r_name,31639
n_name-o_orderpriority-r_regionkey,32938
n_name-o_orderstatus-r_name,32272
n_name-o_orderstatus-r_regionkey,33407
n_nationkey-o_orderdate-r_name,48083
n_nationkey-o_orderdate-r_regionkey,40259
n_nationkey-o_orderpriority-r_name,33195
n_nationkey-o_orderpriority-r_regionkey,33512
n_nationkey-o_orderstatus-r_name,33148
n_nationkey-o_orderstatus-r_regionkey,33344
n_regionkey-o_orderdate-r_name,49244
n_regionkey-o_orderdate-r_regionkey,38647
n_regionkey-o_orderpriority-r_name,32586
n_regionkey-o_orderpriority-r_regionkey,32428
n_regionkey-o_orderstatus-r_name,34246
n_regionkey-o_orderstatus-r_regionkey,33234
n_name-o_orderdate-s_nationkey,42047
n_name-o_orderpriority-s_nationkey,33593
n_name-o_orderstatus-s_nationkey,42365
n_nationkey-o_orderdate-s_nationkey,41106
n_nationkey-o_orderpriority-s_nationkey,32780
n_nationkey-o_orderstatus-s_nationkey,33209
n_regionkey-o_orderdate-s_nationkey,39831
n_regionkey-o_orderpriority-s_nationkey,33011
n_regionkey-o_orderstatus-s_nationkey,40253
n_name-p_brand-ps_availqty,63397
n_name-p_brand-ps_supplycost,210903
n_name-p_container-ps_availqty,63977
n_name-p_container-ps_supplycost,200228
n_name-p_size-ps_availqty,62551
n_name-p_size-ps_supplycost,199392
n_name-p_type-ps_availqty,72573
n_name-p_type-ps_supplycost,200591
n_nationkey-p_brand-ps_availqty,63334
n_nationkey-p_brand-ps_supplycost,200226
n_nationkey-p_container-ps_availqty,62199
n_nationkey-p_container-ps_supplycost,199697
n_nationkey-p_size-ps_availqty,63076
n_nationkey-p_size-ps_supplycost,202267
n_nationkey-p_type-ps_availqty,63053
n_nationkey-p_type-ps_supplycost,200760
n_regionkey-p_brand-ps_availqty,64044
n_regionkey-p_brand-ps_supplycost,209399
n_regionkey-p_container-ps_availqty,62312
n_regionkey-p_container-ps_supplycost,200770
n_regionkey-p_size-ps_availqty,62803
n_regionkey-p_size-ps_supplycost,203606
n_regionkey-p_type-ps_availqty,63841
n_regionkey-p_type-ps_supplycost,209485
n_name-p_brand-r_name,32589
n_name-p_brand-r_regionkey,32206
n_name-p_container-r_name,32438
n_name-p_container-r_regionkey,33253
n_name-p_size-r_name,33430
n_name-p_size-r_regionkey,34060
n_name-p_type-r_name,34491
n_name-p_type-r_regionkey,35055
n_nationkey-p_brand-r_name,34905
n_nationkey-p_brand-r_regionkey,35062
n_nationkey-p_container-r_name,35464
n_nationkey-p_container-r_regionkey,45372
n_nationkey-p_size-r_name,32832
n_nationkey-p_size-r_regionkey,33070
n_nationkey-p_type-r_name,32407
n_nationkey-p_type-r_regionkey,34035
n_regionkey-p_brand-r_name,34320
n_regionkey-p_brand-r_regionkey,33860
n_regionkey-p_container-r_name,34091
n_regionkey-p_container-r_regionkey,34901
n_regionkey-p_size-r_name,47637
n_regionkey-p_size-r_regionkey,33004
n_regionkey-p_type-r_name,33368
n_regionkey-p_type-r_regionkey,33609
n_name-p_brand-s_nationkey,32580
n_name-p_container-s_nationkey,33056
n_name-p_size-s_nationkey,35236
n_name-p_type-s_nationkey,35393
n_nationkey-p_brand-s_nationkey,35209
n_nationkey-p_container-s_nationkey,48550
n_nationkey-p_size-s_nationkey,32342
n_nationkey-p_type-s_nationkey,32878
n_regionkey-p_brand-s_nationkey,32693
n_regionkey-p_container-s_nationkey,33484
n_regionkey-p_size-s_nationkey,34711
n_regionkey-p_type-s_nationkey,48926
n_name-ps_availqty-r_name,61435
n_name-ps_availqty-r_regionkey,63272
n_name-ps_supplycost-r_name,212039
n_name-ps_supplycost-r_regionkey,198857
n_nationkey-ps_availqty-r_name,64135
n_nationkey-ps_availqty-r_regionkey,63106
n_nationkey-ps_supplycost-r_name,200748
n_nationkey-ps_supplycost-r_regionkey,200231
n_regionkey-ps_availqty-r_name,62765
n_regionkey-ps_availqty-r_regionkey,70861
n_regionkey-ps_supplycost-r_name,199197
n_regionkey-ps_supplycost-r_regionkey,209237
n_name-ps_availqty-s_nationkey,62427
n_name-ps_supplycost-s_nationkey,199224
n_nationkey-ps_availqty-s_nationkey,62478
n_nationkey-ps_supplycost-s_nationkey,198432
n_regionkey-ps_availqty-s_nationkey,62759
n_regionkey-ps_supplycost-s_nationkey,200807
n_name-r_name-s_nationkey,33241
n_name-r_regionkey-s_nationkey,41248
n_nationkey-r_name-s_nationkey,32429
n_nationkey-r_regionkey-s_nationkey,32933
n_regionkey-r_name-s_nationkey,33352
n_regionkey-r_regionkey-s_nationkey,32885
o_orderdate-p_brand-ps_availqty,76428
o_orderdate-p_brand-ps_supplycost,208418
o_orderdate-p_container-ps_availqty,68508
o_orderdate-p_container-ps_supplycost,208194
o_orderdate-p_size-ps_supplycost,328003
o_orderdate-p_type-ps_availqty,99403
o_orderdate-p_type-ps_supplycost,302683
o_orderpriority-p_brand-ps_availqty,87481
o_orderpriority-p_brand-ps_supplycost,291288
o_orderpriority-p_container-ps_availqty,84739
o_orderpriority-p_container-ps_supplycost,291674
o_orderpriority-p_size-ps_availqty,86656
o_orderpriority-p_size-ps_supplycost,293411
o_orderpriority-p_type-ps_availqty,87978
o_orderpriority-p_type-ps_supplycost,293238
o_orderstatus-p_brand-ps_availqty,85424
o_orderstatus-p_brand-ps_supplycost,294781
o_orderstatus-p_container-ps_availqty,86880
o_orderstatus-p_container-ps_supplycost,291295
o_orderstatus-p_size-ps_availqty,86085
o_orderstatus-p_size-ps_supplycost,291026
o_orderstatus-p_type-ps_availqty,85450
o_orderstatus-p_type-ps_supplycost,291403
o_orderdate-p_brand-r_name,57809
o_orderdate-p_brand-r_regionkey,52776
o_orderdate-p_container-r_name,51771
o_orderdate-p_container-r_regionkey,51556
o_orderdate-p_size-r_name,52874
o_orderdate-p_size-r_regionkey,53340
o_orderdate-p_type-r_name,51684
o_orderdate-p_type-r_regionkey,53116
o_orderpriority-p_brand-r_name,42565
o_orderpriority-p_brand-r_regionkey,42679
o_orderpriority-p_container-r_name,42469
o_orderpriority-p_container-r_regionkey,40572
o_orderpriority-p_size-r_name,40783
o_orderpriority-p_size-r_regionkey,41566
o_orderpriority-p_type-r_name,41803
o_orderpriority-p_type-r_regionkey,42900
o_orderstatus-p_brand-r_name,42904
o_orderstatus-p_brand-r_regionkey,43670
o_orderstatus-p_container-r_name,44248
o_orderstatus-p_container-r_regionkey,40262
o_orderstatus-p_size-r_name,42333
o_orderstatus-p_size-r_regionkey,41383
o_orderstatus-p_type-r_name,42782
o_orderstatus-p_type-r_regionkey,43122
o_orderdate-p_brand-s_nationkey,52311
o_orderdate-p_container-s_nationkey,49229
o_orderdate-p_size-s_nationkey,51146
o_orderdate-p_type-s_nationkey,53298
o_orderpriority-p_brand-s_nationkey,42036
o_orderpriority-p_container-s_nationkey,42529
o_orderpriority-p_size-s_nationkey,43783
o_orderpriority-p_type-s_nationkey,42453
o_orderstatus-p_brand-s_nationkey,42007
o_orderstatus-p_container-s_nationkey,42120
o_orderstatus-p_size-s_nationkey,44236
o_orderstatus-p_type-s_nationkey,43432
o_orderdate-ps_availqty-r_name,93158
o_orderdate-ps_availqty-r_regionkey,93291
o_orderdate-ps_supplycost-r_name,299028
o_orderdate-ps_supplycost-r_regionkey,301714
o_orderpriority-ps_availqty-r_name,84066
o_orderpriority-ps_availqty-r_regionkey,85775
o_orderpriority-ps_supplycost-r_name,293937
o_orderpriority-ps_supplycost-r_regionkey,291102
o_orderstatus-ps_availqty-r_name,87510
o_orderstatus-ps_availqty-r_regionkey,85700
o_orderstatus-ps_supplycost-r_name,292878
o_orderstatus-ps_supplycost-r_regionkey,292758
o_orderdate-ps_availqty-s_nationkey,92686
o_orderdate-ps_supplycost-s_nationkey,300933
o_orderpriority-ps_availqty-s_nationkey,86044
o_orderpriority-ps_supplycost-s_nationkey,292528
o_orderstatus-ps_availqty-s_nationkey,88419
o_orderstatus-ps_supplycost-s_nationkey,291714
o_orderdate-r_name-s_nationkey,50185
o_orderdate-r_regionkey-s_nationkey,54016
o_orderpriority-r_name-s_nationkey,41002
o_orderpriority-r_regionkey-s_nationkey,41574
o_orderstatus-r_name-s_nationkey,42543
o_orderstatus-r_regionkey-s_nationkey,43318
p_brand-ps_availqty-r_name,86453
p_brand-ps_availqty-r_regionkey,85186
p_brand-ps_supplycost-r_name,291640
p_brand-ps_supplycost-r_regionkey,295914
p_container-ps_availqty-r_name,86161
p_container-ps_availqty-r_regionkey,87498
p_container-ps_supplycost-r_name,295613
p_container-ps_supplycost-r_regionkey,294088
p_size-ps_availqty-r_name,88412
p_size-ps_availqty-r_regionkey,84611
p_size-ps_supplycost-r_name,297082
p_size-ps_supplycost-r_regionkey,297204
p_type-ps_availqty-r_name,87766
p_type-ps_availqty-r_regionkey,88699
p_type-ps_supplycost-r_name,296290
p_type-ps_supplycost-r_regionkey,298075
p_brand-ps_availqty-s_nationkey,87087
p_brand-ps_supplycost-s_nationkey,297846
p_container-ps_availqty-s_nationkey,87206
p_container-ps_supplycost-s_nationkey,293325
p_size-ps_availqty-s_nationkey,87484
p_size-ps_supplycost-s_nationkey,294751
p_type-ps_availqty-s_nationkey,86678
p_type-ps_supplycost-s_nationkey,295144
p_brand-r_name-s_nationkey,42819
p_brand-r_regionkey-s_nationkey,42179
p_container-r_name-s_nationkey,43864
p_container-r_regionkey-s_nationkey,44256
p_size-r_name-s_nationkey,45821
p_size-r_regionkey-s_nationkey,42229
p_type-r_name-s_nationkey,42437
p_type-r_regionkey-s_nationkey,42658
ps_availqty-r_name-s_nationkey,87425
ps_availqty-r_regionkey-s_nationkey,86419
ps_supplycost-r_name-s_nationkey,297751
ps_supplycost-r_regionkey-s_nationkey,295841
